date,description,amount,category
2025-10-01,pos rapido hyderabad,123.99,Transport
2025-10-01,HOTSTAR,207.82,Entertainment
2025-10-02,UPI/PISTA HOUSE/113368,205.25,Food
2025-10-02,netflix,333.39,Entertainment
2025-10-03,UPI/BLINKIT/887443,1161.47,Groceries
2025-10-03,UPI/RAPIDO/445429,231.25,Transport
2025-10-03,POS RELIANCE FRESH HYDERABAD,995.98,Groceries
2025-10-03,pos hp petrol pump hyderabad,218.95,Transport
2025-10-04,BEHROUZ BIRYANI,581.52,Food
2025-10-04,anitha k,1165.08,Transfers
2025-10-04,behrouz bi,501.12,Food
2025-10-04,POS MCDONALDS HYDERABAD,332.81,Food
2025-10-05,UPI/1MG/988324,277.6,Health
2025-10-05,hp petrol pump payment 608149,103.48,Transport
2025-10-05,pos zepto hyder,776.93,Groceries
2025-10-05,BEHROUZ BIRYANI,122.02,Food
2025-10-05,MCDONALDS,128.86,Food
2025-10-05,POS COURSERA HYDERABAD,1776.21,Education
2025-10-06,UPI/RAPIDO/813328,567.51,Transport
2025-10-06,anitha k payment ,1317.5,Transfers
2025-10-06,POS SWIGGY HYDERABAD,226.01,Food
2025-10-06,OLA CABS,174.38,Transport
2025-10-06,UPI/MCDONALDS/245473,121.78,Food
2025-10-06,MCDONALDS,126.6,Food
2025-10-07,KFC PAYMENT 838793,454.61,Food
2025-10-07,upi/hp petrol pump/648122,131.69,Transport
2025-10-07,KFC PAYMENT 227885,640.96,Food
2025-10-07,UBER,118.9,Transport
2025-10-07,DMART,197.27,Groceries
2025-10-08,starbucks payment 842411,145.12,Food
2025-10-08,RELIANCE FRESH PAYMENT 857537,2097.92,Groceries
2025-10-08,UPI/RELIANCE FRESH/872722,244.29,Groceries
2025-10-08,pos starbucks hyderabad,201.56,Food
2025-10-08,HOTSTAR PAYMENT 854,101.68,Entertainment
2025-10-08,pos priya sharma hyderabad,150.43,Transfers
2025-10-08,UPI/AIRTEL/274872,1966.6,Bills
2025-10-09,UPI/RAPIDO/474440,66.67,Transport
2025-10-09,swiggy,208.79,Food
2025-10-10,HP PETROL PUMP PAYMENT 758342,200.9,Transport
2025-10-11,MCDONALDS PAYMENT 7168,123.2,Food
2025-10-11,POS TSRTC HYDERABAD,307.32,Transport
2025-10-11,POS SWIGGY HYDERABAD,158.28,Food
2025-10-11,tsrtc,406.63,Transport
2025-10-11,upi/dmart/623142,2284.49,Groceries
2025-10-12,OLA CABS PAYMENT 231113,49.27,Transport
2025-10-12,COURSERA PAYMENT 685661,301.38,Education
2025-10-12,UPI/PVR CINEMAS/533843,108.11,Entertainment
2025-10-12,POS ZEPTO HYD,574.77,Groceries
2025-10-13,POS DOMINOS HYDERABAD,725.98,Food
2025-10-13,BIGBASKET,2105.31,Groceries
2025-10-13,upi/spotify/759675,105.92,Entertainment
2025-10-13,AJIO PAYMENT 516650,438.26,Shopping
2025-10-15,MORE SUPERMARKET PAYMENT 760626,702.12,Groceries
2025-10-15,POS DOMINOS HYDERABAD,495.68,Food
2025-10-15,hp petrol pump,132.88,Transport
2025-10-15,HOTSTAR,137.51,Entertainment
2025-10-16,zomato,584.18,Food
2025-10-16,more supermarket,516.66,Groceries
2025-10-16,INDIAN OIL PAYMENT 564077,104.6,Transport
2025-10-16,hp petrol pump payment 308795,103.83,Transport
2025-10-17,upi/udemy/131244,1415.78,Education
2025-10-17,POS MCDONALDS HYDERABAD,189.13,Food
2025-10-17,upi/priya sharma/825835,427.19,Transfers
2025-10-17,MORE SUPERMARKET,410.44,Groceries
2025-10-17,pos bigbasket hyderabad,348.73,Groceries
2025-10-18,POS UBER HYDERABAD,571.33,Transport
2025-10-18,STARBUCKS PAYMENT ,144.7,Food
2025-10-19,POS SPOTIFY HYDERABAD,296.28,Entertainment
2025-10-19,HP PETROL PUMP PAYMENT 317264,224.39,Transport
2025-10-19,UPI/ANITHA K/462645,2121.97,Transfers
2025-10-20,MCDONALDS,343.38,Food
2025-10-20,POS RAPIDO HYDERABAD,215.9,Transport
2025-10-21,KFC PAYMENT 475190,223.72,Food
2025-10-21,pos more supermarket hyderabad,1291.25,Groceries
2025-10-21,ola cabs payment 700067,255.9,Transport
2025-10-21,ola cabs payment 666052,30.43,Transport
2025-10-22,RAPIDO,197.47,Transport
2025-10-22,HP PETROL PUMP,448.72,Transport
2025-10-22,upi/zepto/880900,209.12,Groceries
2025-10-22,upi/pista house/305888,567.37,Food
2025-10-22,VIKRAM SINGH,1457.09,Transfers
2025-10-23,POS MCDONALDS HYDERABAD,817.17,Food
2025-10-23,swiggy,166.72,Food
2025-10-23,UPI/UBER/820426,85.12,Transport
2025-10-23,STARBUCKS,123.56,Food
2025-10-23,rapido payment 856254,182.51,Transport
2025-10-23,pos uber hyderabad,30.26,Transport
2025-10-23,UPI/SWIGGY/21,172.6,Food
2025-10-24,POS MEESHO HYDERABAD,1097.88,Shopping
2025-10-24,UPI/SWIGGY/638354,356.8,Food
2025-10-24,POS STARBUCKS HYDERABAD,600.52,Food
2025-10-24,UPI/OLA CABS/958706,157.29,Transport
2025-10-25,KFC,494.53,Food
2025-10-26,YOUTUBE PREMIUM PAYMENT 684482,314.62,Entertainment
2025-10-26,MCDONALDS,135.48,Food
2025-10-26,RAPIDO PAYMENT 204657,69.76,Transport
2025-10-27,tsrtc,96.17,Transport
2025-10-27,POS TSRTC HYDERABAD,252.95,Transport
2025-10-27,POS 1MG HYDERABAD,1903.67,Health
2025-10-27,HDFC CREDIT CARD PAYMENT 2631,1017.61,Bills
2025-10-27,pos zepto hyde,1233.12,Groceries
2025-10-27,pos coursera hyderabad,305.35,Education
2025-10-27,DOMINOS PAYMENT 773618,177.05,Food
2025-10-28,UPI/HP PETROL PUMP/478356,167.39,Transport
2025-10-29,UPI/HP PETROL PUMP/469038,73.0,Transport
2025-10-29,POS DMART HYDERABAD,2172.87,Groceries
2025-10-29,STARBUCKS PAYMENT 737692,126.67,Food
2025-10-30,DMART,327.14,Groceries
2025-10-30,SWIGGY PAYMENT 722999,419.25,Food
2025-10-30,POS DOMINOS HYDERABAD,755.33,Food
2025-10-30,MEESHO PAYMENT 877039,3832.65,Shopping
2025-10-31,UPI/HYDERABAD METRO/6493,589.02,Transport
2025-11-01,POS RELIANCE FRESH HYDERABAD,328.86,Groceries
2025-11-02,BEHROUZ BIRYANI,335.88,Food
2025-11-02,kfc,309.67,Food
2025-11-02,POS TSRTC HYDERABAD,73.78,Transport
2025-11-02,JIO RECHARGE PAYMENT 123107,395.46,Bills
2025-11-02,1MG PAYMENT 764721,325.73,Health
2025-11-02,UPI/BEHROUZ BIRYANI/458772,132.13,Food
2025-11-03,decathlon,2703.07,Shopping
2025-11-03,vikram singh,2923.02,Transfers
2025-11-04,upi/anitha k/19,2570.51,Transfers
2025-11-04,1MG PAYMENT 501261,112.71,Health
2025-11-04,ZOMATO PAYMENT 721686,120.12,Food
2025-11-05,UPI/STARBUCKS/919182,159.21,Food
2025-11-05,pos behrouz biryani hyderabad,461.34,Food
2025-11-05,POS SWIGGY HYDERABAD,830.01,Food
2025-11-05,KFC PAYMENT 615607,144.69,Food
2025-11-05,dominos,125.45,Food
2025-11-05,hp petrol pump,121.29,Transport
2025-11-06,swiggy payment 639131,696.4,Food
2025-11-06,RAPIDO PAYMENT 162535,419.49,Transport
2025-11-06,UPI/INDIAN OIL/516359,400.48,Transport
2025-11-06,pos kfc hyderabad,338.29,Food
2025-11-06,POS HOTSTAR HYDERAB,147.95,Entertainment
2025-11-06,INDIAN OIL PAYMENT ,221.32,Transport
2025-11-07,upi/behrouz biryani/822063,189.0,Food
2025-11-07,YOUTUBE PREMI,137.98,Entertainment
2025-11-07,upi/hdfc credit card/475075,204.77,Bills
2025-11-07,UPI/ACT FIBERNET/390756,260.34,Bills
2025-11-07,POS KFC HYDERABAD,130.22,Food
2025-11-08,BEHROUZ BIRYANI,162.03,Food
2025-11-08,DOMINOS PAYMENT 296059,874.4,Food
2025-11-08,dmart payment ,1098.9,Groceries
2025-11-08,MEDPLUS PAYMENT 660383,2348.14,Health
2025-11-09,POS HYDERABAD METRO HYDERABAD,510.23,Transport
2025-11-09,pos zomato hyderabad,132.55,Food
2025-11-09,HYDERABAD METRO,48.58,Transport
2025-11-09,POS MORE SUPERMARKET HYDERABAD,185.19,Groceries
2025-11-10,upi/pharmeasy/648779,603.12,Health
2025-11-10,POS PRIYA SHARMA HYDERABAD,229.19,Transfers
2025-11-10,SPOTIFY,144.67,Entertainment
2025-11-10,MEESHO PAYMENT 313442,1136.49,Shopping
2025-11-10,POS SWIGGY HYDERABAD,382.0,Food
2025-11-11,upi/mcdonalds/785491,190.19,Food
2025-11-11,BIGBASKET,326.48,Groceries
2025-11-12,vikram singh,306.31,Transfers
2025-11-12,AMIT REDDY,211.08,Transfers
2025-11-12,POS JIO RECHARGE HYDERABAD,1899.43,Bills
2025-11-13,pos anitha k hyderabad,183.51,Transfers
2025-11-13,KINDLE STORE PAYMENT 214682,1428.39,Education
2025-11-14,rapido,443.49,Transport
2025-11-14,POS RELIANCE FRESH HYDERABAD,189.58,Groceries
2025-11-14,upi/geeksforgeeks/520304,1149.65,Education
2025-11-14,ZEPTO,174.56,Groceries
2025-11-14,UPI/PRIYA SHARMA/555589,109.72,Transfers
2025-11-14,UPI/HP PETROL PUMP/623147,378.07,Transport
2025-11-14,pos vikram singh hyderabad,169.71,Transfers
2025-11-15,POS PRIYA SHARMA HYDERABAD,1273.73,Transfers
2025-11-15,FLIPKART PAYMENT 360804,767.26,Shopping
2025-11-15,MORE SUPERMARKET,2156.97,Groceries
2025-11-15,POS SWIGGY HYDERABAD,145.11,Food
2025-11-15,ola cabs payment ,52.48,Transport
2025-11-16,POS INDIAN OIL HYDERABAD,407.91,Transport
2025-11-16,UPI/KFC/555052,895.99,Food
2025-11-16,KFC,124.59,Food
2025-11-16,DOMINOS,658.7,Food
2025-11-16,DECATHLON,1525.23,Shopping
2025-11-16,POS FLIPKART HYDERABAD,3170.84,Shopping
2025-11-16,YOUTUBE PR,530.14,Entertainment
2025-11-16,zepto payment 516174,1210.19,Groceries
2025-11-16,HYDERABAD METRO,30.87,Transport
2025-11-16,upi/sneha rao/765506,1821.99,Transfers
2025-11-17,pista house payment 661654,679.76,Food
2025-11-17,HP PETROL PUMP,371.59,Transport
2025-11-17,HDFC CREDIT CARD,2240.22,Bills
2025-11-17,UPI/BLINKIT/852570,1066.71,Groceries
2025-11-17,pos flipkart hyderabad,307.34,Shopping
2025-11-17,POS TSRTC HYDERABAD,256.73,Transport
2025-11-18,DMART,523.62,Groceries
2025-11-18,upi/hdfc credit card/653815,2396.9,Bills
2025-11-18,SWIGGY PAYMENT 646453,150.94,Food
2025-11-18,pos youtube premium hyderabad,495.2,Entertainment
2025-11-18,RAPIDO PAYMENT 932929,304.32,Transport
2025-11-19,flipkart payment 649857,292.95,Shopping
2025-11-19,meesho payment 126985,1115.18,Shopping
2025-11-19,flipkart,3465.43,Shopping
2025-11-19,BLINKIT,1310.26,Groceries
2025-11-19,POS RAHUL KUMAR HYDERABAD,422.51,Transfers
2025-11-20,hyderabad metro payment 824087,31.3,Transport
2025-11-20,UPI/HYDERABAD METRO/959398,215.35,Transport
2025-11-20,UPI/MYNTRA/441027,1474.47,Shopping
2025-11-20,MCDONALDS PAYMENT 495476,178.41,Food
2025-11-20,POS DMART HYDERABAD,2347.04,Groceries
2025-11-21,POS ZOMATO HYDERABAD,690.62,Food
2025-11-21,UPI/KFC/632351,676.19,Food
2025-11-21,1MG PAYMENT 964446,1940.28,Health
2025-11-21,POS BEHROUZ BIRYANI HYDERABAD,239.8,Food
2025-11-22,POS HOTSTAR HYDERABAD,169.04,Entertainment
2025-11-22,pos starbucks hyderabad,195.97,Food
2025-11-22,POS INDIAN OIL HYDERABAD,278.32,Transport
2025-11-22,electricity bill payment 84,2422.93,Bills
2025-11-22,pos kfc hyderabad,841.65,Food
2025-11-23,PRIYA SHARMA PAYMENT 62,1286.53,Transfers
2025-11-23,pos swiggy hyderabad,199.23,Food
2025-11-23,DECATHLON PAYMENT 274912,1909.55,Shopping
2025-11-23,UPI/RAHUL KUMAR/193992,2973.17,Transfers
2025-11-23,YOUTUBE PREMIUM,606.39,Entertainment
2025-11-24,AMAZON PAYMENT 621917,549.71,Shopping
2025-11-24,youtube premium payment 366641,516.52,Entertainment
2025-11-24,POS MYNTRA HYDERABAD,2065.95,Shopping
2025-11-24,ZOMATO,641.66,Food
2025-11-24,upi/apollo pharmacy/881216,132.5,Health
2025-11-25,pos pista house hyderabad,159.22,Food
2025-11-25,upi/zomato/855408,215.81,Food
2025-11-25,UPI/ZEPTO/284308,707.28,Groceries
2025-11-25,POS DTH RECHARGE HYDERABAD,1938.54,Bills
2025-11-25,UPI/PISTA HOUSE/814248,329.79,Food
2025-11-26,POS BOOKMYSHOW HYDERABAD,187.78,Entertainment
2025-11-26,dominos payment 572,317.04,Food
2025-11-26,POS DMART HYDERABAD,2305.02,Groceries
2025-11-27,RAPIDO PAYMENT 446747,51.19,Transport
2025-11-27,MCDONALD,311.03,Food
2025-11-27,UBER,32.44,Transport
2025-11-27,KFC PAYMENT 733152,120.16,Food
2025-11-27,BEHROUZ BIRYANI PAYMENT 615711,487.89,Food
2025-11-28,UPI/BEHROUZ BIRYANI/583863,126.78,Food
2025-11-28,POS RAPIDO HYDERABAD,365.35,Transport
2025-11-29,AMAZON,258.72,Shopping
2025-11-29,upi/more supermarket/199613,379.8,Groceries
2025-11-29,MORE SUPERMARKET PAYMENT 155074,314.28,Groceries
2025-11-30,UPI/BIGBASKET/660814,506.52,Groceries
2025-11-30,HP PETROL PUMP,190.98,Transport
2025-12-01,UPI/TSRTC/491330,571.03,Transport
2025-12-01,ZOMATO,520.15,Food
2025-12-02,ANITHA K,316.86,Transfers
2025-12-02,BOOKMYSHOW PAYMENT 468145,100.31,Entertainment
2025-12-02,POS BLINKIT HYDERABAD,151.55,Groceries
2025-12-02,STARBUCKS,662.76,Food
2025-12-03,UPI/YOUTUBE PREMIUM/496922,268.86,Entertainment
2025-12-03,HP PETROL PUMP PAYMENT 643269,31.75,Transport
2025-12-03,upi/hotstar/814263,226.05,Entertainment
2025-12-03,HP PETROL PUMP PAYMENT 890110,385.8,Transport
2025-12-04,ZOMATO,182.08,Food
2025-12-04,pos more supermarket hyderabad,1364.45,Groceries
2025-12-04,ZOMATO PAYMENT 8,332.13,Food
2025-12-04,UPI/MCDONALDS/628751,127.73,Food
2025-12-04,ajio,2319.37,Shopping
2025-12-05,MORE SUPERMARKET PAYMENT 969325,779.0,Groceries
2025-12-05,POS STARBUCKS HYDERABAD,121.52,Food
2025-12-05,POS SNEHA RAO HYDERABAD,361.68,Transfers
2025-12-06,hp petrol pump,297.04,Transport
2025-12-06,pos kfc hyderabad,361.65,Food
2025-12-06,upi/zomato/287316,121.49,Food
2025-12-06,DMART PAYMENT 899049,1557.19,Groceries
2025-12-06,BIGBASKET PAYMENT 599387,159.09,Groceries
2025-12-06,POS DECATHLON HYDERABAD,1391.68,Shopping
2025-12-07,POS FLIPKART HYDERABAD,514.57,Shopping
2025-12-07,APOLLO PHARMACY PAYMENT 77,623.94,Health
2025-12-07,UPI/HOTSTAR/315154,466.36,Entertainment
2025-12-07,pos ajio hyderabad,3633.9,Shopping
2025-12-07,UPI/DMART/686741,1208.89,Groceries
2025-12-07,POS RAPIDO HYDERABAD,469.3,Transport
2025-12-08,UPI/RAHUL KUMAR/377312,2656.61,Transfers
2025-12-08,tsrtc payment 507286,207.02,Transport
2025-12-08,UPI/BEHROUZ BIRYANI/362874,220.06,Food
2025-12-08,BOOKMYSHOW PAYMENT 373342,263.07,Entertainment
2025-12-08,UPI/UBER/7778,506.19,Transport
2025-12-09,POS MORE SUPERMARKET HYDERABAD,2380.42,Groceries
2025-12-09,RAPIDO,81.91,Transport
2025-12-09,PHARMEASY PAYMENT 831510,808.18,Health
2025-12-09,PISTA HOUSE PAYMENT 188776,457.64,Food
2025-12-09,myntra payment 114,278.8,Shopping
2025-12-10,rapido,57.42,Transport
2025-12-10,AMAZON PAYMENT 105433,1990.08,Shopping
2025-12-10,HP PETROL PUMP PAYMENT 424008,53.33,Transport
2025-12-10,pos medplus hyderabad,1284.99,Health
2025-12-10,hdfc credit card,214.5,Bills
2025-12-10,POS AMAZON HYDERABAD,259.34,Shopping
2025-12-10,UPI/RELIANCE FRESH/940534,2052.47,Groceries
2025-12-11,DTH RECHARGE,954.54,Bills
2025-12-11,POS DOMINOS HYDERABAD,292.13,Food
2025-12-11,zepto payment 816514,1670.51,Groceries
2025-12-11,POS SNEHA RAO HYDERABAD,122.68,Transfers
2025-12-11,POS STARBUCKS HYDE,284.68,Food
2025-12-12,POS RAHUL KUMAR HYDERABAD,139.07,Transfers
2025-12-12,UPI/PISTA HOUSE/828834,422.78,Food
2025-12-12,rahul kumar payment 314140,1267.02,Transfers
2025-12-12,VIKRAM SINGH,281.21,Transfers
2025-12-13,SPOTIFY PAYMENT 792282,172.85,Entertainment
2025-12-13,POS DTH RECHARGE HYDERABAD,237.03,Bills
2025-12-13,pos dominos hyderabad,457.26,Food
2025-12-13,airtel,399.75,Bills
2025-12-14,POS HDFC CREDIT CARD HYDERABAD,200.02,Bills
2025-12-14,ola cabs payment 368402,61.82,Transport
2025-12-14,upi/youtube premium/244283,189.94,Entertainment
2025-12-14,POS KFC HYDERABAD,287.75,Food
2025-12-14,POS BOOKMYSHOW HYDE,105.15,Entertainment
2025-12-14,UPI/STARBUCKS/862398,669.74,Food
2025-12-14,PHARMEASY PAYMENT 724473,2423.52,Health
2025-12-14,KFC,723.25,Food
2025-12-14,MEDPLUS PAYMENT 781301,640.17,Health
2025-12-14,DMART PAYMENT 319955,349.11,Groceries
2025-12-15,zomato payment 168872,200.93,Food
2025-12-15,MCDONALDS PAYMENT 352050,223.5,Food
2025-12-15,ANITHA K,162.32,Transfers
2025-12-15,upi/hotstar/912915,302.53,Entertainment
2025-12-16,INDIAN OIL,166.66,Transport
2025-12-16,POS MCDONALDS HYDERABAD,375.83,Food
2025-12-16,KFC PAYMENT 136332,275.16,Food
2025-12-16,UPI/BEHROUZ BIRYANI/255398,129.88,Food
2025-12-16,upi/more supermarket/979789,1116.79,Groceries
2025-12-16,hyderabad metro,157.04,Transport
2025-12-16,upi/cult fit/734924,1213.43,Health
2025-12-16,meesho,955.75,Shopping
2025-12-17,PISTA HOUSE PAYMENT 533020,196.75,Food
2025-12-17,UPI/HDFC CREDIT CARD/461724,1296.42,Bills
2025-12-17,electricity bill,1541.36,Bills
2025-12-18,RELIANCE FRESH,152.46,Groceries
2025-12-18,pharmeasy payment 679707,937.27,Health
2025-12-18,pos swiggy hyderabad,329.29,Food
2025-12-19,pos dth recharge hyd,1387.05,Bills
2025-12-19,POS ELECTRICITY BILL HYDERABAD,2179.92,Bills
2025-12-19,indian oil,137.08,Transport
2025-12-20,RAPIDO PAYMENT 846385,482.85,Transport
2025-12-20,pista house,120.21,Food
2025-12-20,UPI/MEESHO/156157,3218.73,Shopping
2025-12-20,POS MORE SUPERMARKET HYDERABAD,150.0,Groceries
2025-12-20,POS DMART HYDERABAD,513.69,Groceries
2025-12-20,UPI/DTH RECHARGE/432918,2202.25,Bills
2025-12-21,NETFLIX,560.63,Entertainment
2025-12-21,upi/airtel/613358,963.82,Bills
2025-12-21,meesho,1654.87,Shopping
2025-12-21,UPI/ZEPTO/124559,1496.83,Groceries
2025-12-21,OLA CABS PAYMENT ,49.31,Transport
2025-12-21,ZOMATO,185.9,Food
2025-12-21,pharmeasy payment 4380,1776.75,Health
2025-12-22,RELIANCE FRESH PAYMENT 956572,561.9,Groceries
2025-12-22,pos flipkart hyder,517.29,Shopping
2025-12-22,upi/decathlon/349461,2616.86,Shopping
2025-12-22,POS MCDONALDS HYDERABAD,696.11,Food
2025-12-22,POS DOMINOS HYDERABAD,581.05,Food
2025-12-22,upi/amit reddy/486192,1221.66,Transfers
2025-12-23,HYDERABAD METRO PAYMENT 28,110.89,Transport
2025-12-23,MORE SUPERMARKET PAYMENT 25,1898.88,Groceries
2025-12-23,pos pista house hyde,347.34,Food
2025-12-23,SWIGGY,292.48,Food
2025-12-23,vikram singh,1003.41,Transfers
2025-12-24,JIO RECHARGE,255.55,Bills
2025-12-24,TSRTC,443.64,Transport
2025-12-24,ACT FIBERNET PAYMENT 365045,586.81,Bills
2025-12-24,MEESHO,3789.58,Shopping
2025-12-25,UPI/KFC/735324,578.74,Food
2025-12-25,POS ZOMATO HYDERABAD,399.64,Food
2025-12-25,UPI/VIKRAM SINGH/100569,342.63,Transfers
2025-12-25,YOUTUBE PREMIUM,122.55,Entertainment
2025-12-25,DMART PAYMENT 662050,265.1,Groceries
2025-12-26,POS DOMINOS HYDERABAD,567.63,Food
2025-12-27,UPI/SNEHA RAO/491416,812.03,Transfers
2025-12-27,ajio,523.2,Shopping
2025-12-28,upi/zomato/678805,139.24,Food
2025-12-28,POS TSRTC HYDERABAD,86.11,Transport
2025-12-28,ZEPTO,1262.31,Groceries
2025-12-29,SWIGGY,574.22,Food
2025-12-29,PISTA HOUSE,555.26,Food
2025-12-29,HYDERABAD M,471.12,Transport
2025-12-29,UPI/MORE SUPERMARKET/225245,1167.63,Groceries
2025-12-29,POS PRIYA SHARMA HYDERABAD,160.37,Transfers
2025-12-29,pvr cinemas payment 535214,400.64,Entertainment
2025-12-29,POS KINDLE STORE HYDERABAD,2913.93,Education
2025-12-30,upi/starbucks/428638,430.6,Food
2025-12-30,bigbasket,1737.95,Groceries
2025-12-30,upi/hotstar/979908,202.51,Entertainment
2025-12-30,KFC,140.7,Food
2025-12-30,ZEPTO,180.21,Groceries
2025-12-31,pos pvr cinemas hyderabad,467.86,Entertainment
2025-12-31,POS SWIGGY HYDERABAD,405.03,Food
2026-01-01,DMART PAYMENT 22,345.98,Groceries
2026-01-01,UPI/STARBUCKS/428487,478.26,Food
2026-01-01,UPI/KFC/197283,173.54,Food
2026-01-01,pos dmart hyderabad,1012.55,Groceries
2026-01-02,POS DTH RECHARGE HYDERABAD,1702.87,Bills
2026-01-02,pos hp petrol pump hyderabad,223.5,Transport
2026-01-02,pos mcdonalds hyderabad,688.18,Food
2026-01-02,pista house,145.15,Food
2026-01-02,upi/dominos/367968,183.51,Food
2026-01-02,UPI/DMART/832453,2099.6,Groceries
2026-01-02,upi/behrouz biryani/563849,332.11,Food
2026-01-03,BLINKIT,249.46,Groceries
2026-01-04,POS SNEHA RAO HYD,1900.56,Transfers
2026-01-04,BEHROUZ BIRYANI,429.35,Food
2026-01-04,POS PISTA HOUSE HYDERABAD,148.09,Food
2026-01-04,UPI/PVR CINEMAS/545405,200.99,Entertainment
2026-01-04,POS DOMINOS HYDERABAD,534.81,Food
2026-01-05,TSRTC PAYMENT 831380,526.02,Transport
2026-01-05,UBER PAYMENT 943737,465.03,Transport
2026-01-05,pista house,220.67,Food
2026-01-05,upi/indian oil/436219,251.06,Transport
2026-01-05,meesho payment 996398,1650.41,Shopping
2026-01-05,HP PETROL PUMP,453.88,Transport
2026-01-06,UPI/BIGBASKET/877493,255.43,Groceries
2026-01-06,pos dmart hyderabad,1747.74,Groceries
2026-01-06,INDIAN OIL,558.15,Transport
2026-01-06,POS FLIPKART HYDERABAD,358.62,Shopping
2026-01-07,upi/hp petrol pump/838797,104.54,Transport
2026-01-07,UPI/BLINKIT/430876,184.21,Groceries
2026-01-07,POS PHARMEASY HYDERABAD,980.71,Health
2026-01-07,UPI/DOMINOS/232315,857.18,Food
2026-01-07,UPI/RAPIDO/435872,489.94,Transport
2026-01-07,BLINKIT PAYMENT ,196.02,Groceries
2026-01-07,UPI/BIGBASKET/223215,880.95,Groceries
2026-01-07,RELIANCE FRESH,2377.06,Groceries
2026-01-08,POS ZOMATO HYDERABAD,339.6,Food
2026-01-08,SNEHA RAO,2469.79,Transfers
2026-01-08,POS UBER HYDERABAD,424.61,Transport
2026-01-08,UPI/RAPIDO/450964,30.02,Transport
2026-01-09,dmart payment 868043,2489.61,Groceries
2026-01-09,SWIGGY,120.54,Food
2026-01-10,upi/kfc/254511,159.36,Food
2026-01-11,POS PISTA HOUSE HYDERABAD,120.05,Food
2026-01-11,PRIYA SHARMA PAYMENT 346269,822.1,Transfers
2026-01-11,pos hdfc credit card hyderabad,297.04,Bills
2026-01-11,pos behrouz biryani hyderabad,580.32,Food
2026-01-12,PISTA HOUSE PAYMENT 145934,121.07,Food
2026-01-12,dmart payment 659475,2451.58,Groceries
2026-01-12,upi/act fibernet/,281.07,Bills
2026-01-13,ANITHA K PAYMENT 515898,1159.37,Transfers
2026-01-13,pos uber hyderabad,209.24,Transport
2026-01-13,cult fit,102.71,Health
2026-01-14,RELIANCE FRESH PAYMENT 953047,195.56,Groceries
2026-01-14,1MG,1769.97,Health
2026-01-14,UPI/KFC/689810,226.59,Food
2026-01-14,upi/mcdonalds/828723,459.23,Food
2026-01-15,STARBUCKS PAYMENT 715551,120.19,Food
2026-01-15,AMAZON,3494.85,Shopping
2026-01-15,hyderabad metro payment 151295,413.38,Transport
2026-01-15,HP PETROL PUMP,37.93,Transport
2026-01-15,BEHROUZ BIRYANI,126.2,Food
2026-01-15,MORE SUPERMARKET,234.43,Groceries
2026-01-16,upi/hyderabad metro/741784,55.1,Transport
2026-01-16,UPI/HYDERABAD METRO/464187,158.75,Transport
2026-01-17,upi/sneha rao/772875,124.37,Transfers
2026-01-18,zepto,374.19,Groceries
2026-01-18,UPI/RAPIDO/901351,428.78,Transport
2026-01-19,KFC PAYMENT 240727,691.65,Food
2026-01-19,DOMINOS PAYMENT 464994,401.68,Food
2026-01-20,SWIGGY PAYMENT 218414,701.81,Food
2026-01-21,amit reddy,1195.52,Transfers
2026-01-21,upi/swiggy/406278,614.07,Food
2026-01-21,upi/indian oil/8372,405.17,Transport
2026-01-21,APOLLO PHARMACY,2102.21,Health
2026-01-21,POS MYNTRA HYDERABAD,3271.59,Shopping
2026-01-22,SWIGGY PAYMENT 237064,122.97,Food
2026-01-22,PRIYA SHARMA,441.51,Transfers
2026-01-22,POS UBER HYDERABAD,358.64,Transport
2026-01-22,pos medplus hyderabad,142.69,Health
2026-01-22,STARBUCKS PAYMENT 720517,267.09,Food
2026-01-22,MCDONALDS PAYMENT 971968,138.63,Food
2026-01-22,KFC,629.76,Food
2026-01-22,POS RAPIDO HYDERABAD,135.16,Transport
2026-01-23,UPI/BEHROUZ BIRYANI/975373,338.15,Food
2026-01-23,POS KFC HYDERABAD,304.72,Food
2026-01-24,PISTA HOUSE PAYMENT 415344,165.29,Food
2026-01-24,UPI/MCDONALDS/834430,680.99,Food
2026-01-25,UPI/PISTA HOUSE/333752,215.36,Food
2026-01-25,ZOMATO,377.85,Food
2026-01-25,pos kfc hyderabad,799.8,Food
2026-01-25,AIRTEL PAYMENT 337949,1922.77,Bills
2026-01-25,POS UBER HYDER,204.57,Transport
2026-01-26,pos bookmyshow hyderabad,581.42,Entertainment
2026-01-26,POS HP PETROL PUMP HYDERABAD,37.98,Transport
2026-01-26,vikram s,1111.53,Transfers
2026-01-26,UPI/HYDERABAD METRO/503310,193.89,Transport
2026-01-26,anitha k,779.78,Transfers
2026-01-27,POS AJIO HYDERABAD,568.12,Shopping
2026-01-27,AMAZON,257.23,Shopping
2026-01-27,POS INDIAN OIL HYDE,258.62,Transport
2026-01-28,pos blinkit hyderabad,605.92,Groceries
2026-01-28,POS OLA CABS HYDERAB,475.09,Transport
2026-01-28,HP PETROL PUMP,515.03,Transport
2026-01-29,DMART PAYMENT 663658,181.69,Groceries
2026-01-29,UPI/DMART/5049,742.23,Groceries
2026-01-29,KFC,863.2,Food
2026-01-29,RAPIDO,554.74,Transport
2026-01-30,pos medplus hyderabad,80.53,Health
2026-01-30,mcdonalds,609.35,Food
2026-01-30,POS BIGBASKET HYDERABAD,1563.77,Groceries
2026-01-30,pos hdfc credit card hyderabad,1041.06,Bills
2026-01-30,UPI/MCDONALDS/406019,121.62,Food
2026-01-31,SWIGGY,421.13,Food
2026-01-31,UPI/RAPIDO/436272,373.25,Transport
2026-01-31,POS BLINKIT HYDERABAD,368.71,Groceries
2026-02-02,POS VIKRAM SINGH HYDERABAD,2547.13,Transfers
2026-02-03,UBER PAYMENT 334053,343.44,Transport
2026-02-03,pos starbucks hyderabad,725.22,Food
2026-02-03,NETFLIX,716.4,Entertainment
2026-02-03,UPI/STARBUCKS/180808,135.57,Food
2026-02-04,ACT FIBERNET,345.71,Bills
2026-02-04,POS BEHROUZ BIRYANI HYDERABAD,194.65,Food
2026-02-04,POS DMART HYDERABAD,1009.73,Groceries
2026-02-05,BIGBASKET PAYMENT 641448,178.86,Groceries
2026-02-05,behrouz biryani payment 4928,579.0,Food
2026-02-05,UPI/DMART/114303,259.25,Groceries
2026-02-06,MEESHO,260.86,Shopping
2026-02-06,zomato,123.87,Food
2026-02-07,UPI/TSRTC/1453,38.06,Transport
2026-02-07,POS INDIAN OIL HYDERABAD,214.21,Transport
2026-02-07,POS RAHUL KUMAR HYDERABAD,638.48,Transfers
2026-02-07,POS JIO RECHARGE HYDERABAD,1554.51,Bills
2026-02-08,UPI/PVR CINEMAS/9087,714.66,Entertainment
2026-02-08,AJIO,270.74,Shopping
2026-02-09,upi/dominos/992810,126.02,Food
2026-02-10,NETFLIX PAYMENT 332785,100.09,Entertainment
2026-02-10,pos starbucks hyderabad,333.36,Food
2026-02-10,pos rapido hyderabad,104.53,Transport
2026-02-10,indian oil payment 418148,325.96,Transport
2026-02-11,pos bigbasket hyderabad,181.26,Groceries
2026-02-11,POS MORE SUPERMARKET HYDERAB,921.24,Groceries
2026-02-11,POS BLINKIT HYDERABAD,281.74,Groceries
2026-02-11,pos starbucks hyderabad,698.89,Food
2026-02-11,TSRTC,218.4,Transport
2026-02-11,MYNTRA PAYMENT 920539,2697.27,Shopping
2026-02-12,HP PETROL PUMP,111.6,Transport
2026-02-13,PISTA HOUSE,596.41,Food
2026-02-13,AMAZON PAYMENT 787436,1586.13,Shopping
2026-02-13,POS KFC HYDERABAD,413.03,Food
2026-02-13,UPI/BLINKIT/,608.46,Groceries
2026-02-13,MEDPLUS PAYMENT 592951,1177.22,Health
2026-02-14,UPI/STARBUCKS/835911,154.24,Food
2026-02-14,UPI/DECATHLON/2,2714.93,Shopping
2026-02-14,MCDONALDS,148.32,Food
2026-02-14,UPI/AMAZON/888318,250.34,Shopping
2026-02-14,PISTA HOUSE,838.4,Food
2026-02-14,upi/mcdonalds/434347,336.5,Food
2026-02-15,ANITHA K,2652.11,Transfers
2026-02-15,ZEPTO PAYMENT 609089,2106.18,Groceries
2026-02-15,BEHROUZ BIRYANI PAYMENT 823934,712.32,Food
2026-02-16,FLIPKART PAYMENT 771088,1051.32,Shopping
2026-02-17,AMIT REDDY,850.96,Transfers
2026-02-17,rapido payment 970813,190.63,Transport
2026-02-17,UPI/BOOKMYSHOW/344959,180.93,Entertainment
2026-02-17,POS HP PETROL PUMP HYDERABAD,315.52,Transport
2026-02-18,pos uber hyderabad,30.16,Transport
2026-02-18,POS ANITHA K HYDERABAD,1785.52,Transfers
2026-02-18,dominos payment 924974,842.41,Food
2026-02-19,PISTA HOUSE,784.07,Food
2026-02-19,ZOMATO PAYMENT 217466,129.33,Food
2026-02-19,upi/indian oil/338804,33.48,Transport
2026-02-19,SNEHA RAO PAYMENT 548544,831.48,Transfers
2026-02-19,UPI/DOMINOS/575491,320.55,Food
2026-02-20,ZOMATO,849.2,Food
2026-02-20,POS UDEMY HYDERABAD,819.32,Education
2026-02-20,pos hyderabad metro hyderabad,246.32,Transport
2026-02-20,SWIGGY PAYMENT 7,172.08,Food
2026-02-20,pista house payment 9824,135.34,Food
2026-02-20,pos mcdonalds hyderabad,264.58,Food
2026-02-21,pos hotstar hyderabad,233.25,Entertainment
2026-02-21,upi/dmart/96,1523.14,Groceries
2026-02-21,GEEKSFORGEEKS PAYMENT 501620,311.9,Education
2026-02-21,BLINKIT,152.02,Groceries
2026-02-21,NETFLIX PAYMENT 336540,813.12,Entertainment
2026-02-21,POS STARBUCKS HYDERABAD,755.52,Food
2026-02-21,POS STARBUCKS HYDERABAD,157.51,Food
2026-02-22,POS KFC HYDERABAD,347.65,Food
2026-02-22,NETFLIX,115.0,Entertainment
2026-02-22,MCDONALDS PAYMENT 862008,892.54,Food
2026-02-22,upi/zepto/270666,151.85,Groceries
2026-02-23,pos rapido hyderabad,46.54,Transport
2026-02-24,SWIGGY,125.58,Food
2026-02-24,upi/kfc/465308,424.45,Food
2026-02-24,more supermarket payment 216671,1285.92,Groceries
2026-02-24,HP PETROL PUMP,520.92,Transport
2026-02-25,UPI/BLINKIT/848831,348.25,Groceries
2026-02-25,POS 1MG HYDERABAD,1104.15,Health
2026-02-25,upi/airtel/907141,739.33,Bills
2026-02-25,upi/kfc/869531,508.62,Food
2026-02-26,POS APOLLO PHARMACY HYDERABAD,127.52,Health
2026-02-26,POS OLA CABS HYDERABAD,55.07,Transport
2026-02-26,dmart payment 7,1508.98,Groceries
2026-02-26,HDFC CREDIT CARD,1429.29,Bills
2026-02-26,POS RAPIDO HYDERABAD,30.29,Transport
2026-02-27,UPI/ZEPTO/655338,155.58,Groceries
2026-02-28,HP PETROL PUMP,30.17,Transport
2026-02-28,KFC PAYMENT 233534,540.22,Food
2026-02-28,UPI/PVR CINEMAS/742917,122.17,Entertainment
2026-02-28,SWIGGY,363.96,Food
2026-02-28,POS AMIT REDDY HYDERABAD,1098.8,Transfers
2026-03-01,indian oil,39.84,Transport
2026-03-01,amazon payment 695361,2284.77,Shopping
2026-03-01,pos ola cabs hyd,352.01,Transport
2026-03-02,BIGBASKET,2238.59,Groceries
2026-03-02,UPI/HYDERABAD METRO/817659,241.44,Transport
2026-03-02,DTH RECHARGE,254.64,Bills
2026-03-03,POS INDIAN OIL HYDERABAD,439.9,Transport
2026-03-03,STARBUCKS,225.38,Food
2026-03-03,POS BIGBASKET HYDERABAD,170.38,Groceries
2026-03-03,swiggy,138.5,Food
2026-03-04,UPI/MCDONALDS/991597,128.1,Food
2026-03-04,pista hou,765.05,Food
2026-03-04,SWIGGY PAYMENT 321494,120.05,Food
2026-03-04,pos dominos hyderabad,726.98,Food
2026-03-04,ZEPTO,261.9,Groceries
2026-03-04,POS HYDERABAD METRO HYDERABAD,40.4,Transport
2026-03-04,pos mcdonalds hyderabad,227.7,Food
2026-03-04,MORE SUPERMARKET,161.82,Groceries
2026-03-04,POS PISTA HOUSE HYDERABAD,121.39,Food
2026-03-05,HYDERABAD METRO PAYMENT 694806,143.0,Transport
2026-03-05,DOMINOS,406.3,Food
2026-03-06,MYNTRA PAYMENT 222629,302.09,Shopping
2026-03-06,pos reliance fresh hyderabad,2257.41,Groceries
2026-03-06,POS RELIANCE FRESH HYDERABAD,1159.47,Groceries
2026-03-06,pos dominos hydera,130.81,Food
2026-03-06,behrouz biryani payment 397252,121.85,Food
2026-03-06,priya sharma,903.81,Transfers
2026-03-07,upi/starbucks/351083,722.28,Food
2026-03-07,upi/sneha rao/621530,821.41,Transfers
2026-03-07,POS RELIANCE FRESH HYDERABAD,1138.97,Groceries
2026-03-07,POS HP PETROL PUMP HYDERABAD,378.88,Transport
2026-03-07,dominos payment 2314,489.26,Food
2026-03-07,POS HDFC CREDIT CARD HYDERABAD,200.35,Bills
2026-03-09,RELIANCE FRESH,151.55,Groceries
2026-03-09,KFC PAYMENT 769883,120.39,Food
2026-03-10,POS RAPIDO HYDERABAD,239.78,Transport
2026-03-10,PVR CINEMAS,452.14,Entertainment
2026-03-10,UPI/MYNTRA/460875,2202.38,Shopping
2026-03-10,BEHROUZ BIRYANI,229.84,Food
2026-03-10,POS HYDERABAD METRO HYDERABAD,180.55,Transport
2026-03-10,POS UBER HYDERABAD,241.43,Transport
2026-03-11,pos airtel hyderabad,1753.33,Bills
2026-03-11,pos jio recharge hyderabad,675.79,Bills
2026-03-11,UDEMY,770.95,Education
2026-03-11,UBER PAYMENT 521161,34.1,Transport
2026-03-12,CULT FIT,429.47,Health
2026-03-12,POS OLA CABS HYDERABAD,54.11,Transport
2026-03-12,UPI/SNEHA RAO/732471,209.65,Transfers
2026-03-12,ANITHA K PAYMENT 114875,2074.94,Transfers
2026-03-13,POS PISTA HOUSE HYDERA,572.46,Food
2026-03-13,OLA CABS,560.33,Transport
2026-03-13,POS BEHROUZ BIRYANI HYDERABAD,868.88,Food
2026-03-13,upi/youtube premium/423896,100.94,Entertainment
2026-03-13,UPI/PRIYA SHARMA/695807,1288.64,Transfers
2026-03-13,UPI/STARBUCKS/821726,131.67,Food
2026-03-14,MEDPLUS PAYMENT 968726,131.76,Health
2026-03-14,MORE SUPERM,611.42,Groceries
2026-03-14,MORE SUPERMARKET PAYMENT 559891,633.36,Groceries
2026-03-15,pos hyderabad metro hyderabad,195.45,Transport
2026-03-15,upi/dominos/162448,778.44,Food
2026-03-15,UPI/RAHUL KUMAR/725874,168.51,Transfers
2026-03-15,POS UDEMY HYDERABAD,3376.98,Education
2026-03-15,upi/flipkart/572788,829.38,Shopping
2026-03-15,DOMINOS,252.93,Food
2026-03-15,decathlon,260.09,Shopping
2026-03-15,POS BEHROUZ BIRYANI HYDERABAD,122.88,Food
2026-03-16,HP PETROL PUMP,76.17,Transport
2026-03-16,upi/coursera/338846,2241.77,Education
2026-03-16,DMART,202.16,Groceries
2026-03-16,UPI/AMAZON/290272,1665.93,Shopping
2026-03-16,starbucks,715.05,Food
2026-03-16,HP PETROL PUMP PAYMENT 381850,141.45,Transport
2026-03-18,POS AMIT REDDY HYDERABAD,784.58,Transfers
2026-03-18,zepto payment 570988,2094.9,Groceries
2026-03-18,POS RAPIDO HYDERABAD,52.04,Transport
2026-03-18,upi/mcdonalds/,353.46,Food
2026-03-19,UPI/SWIGGY/386488,704.69,Food
2026-03-19,UPI/NETFLIX/,755.33,Entertainment
2026-03-19,POS KFC HYDERABAD,257.9,Food
2026-03-19,pos blinkit hyderabad,1184.03,Groceries
2026-03-19,upi/airtel/139726,201.3,Bills
2026-03-19,pista house payment 319162,293.18,Food
2026-03-19,ola cabs,62.56,Transport
2026-03-19,PRIYA SHARMA,2869.51,Transfers
2026-03-20,UPI/HP PETROL PUMP/239890,223.01,Transport
2026-03-20,UBER,30.86,Transport
2026-03-21,upi/kfc/435239,162.89,Food
2026-03-21,POS INDIAN OIL HYDERABAD,35.29,Transport
2026-03-21,BIGBASKET,2147.14,Groceries
2026-03-21,DECATHLON,1121.69,Shopping
2026-03-22,UPI/STARBUCKS/72,748.19,Food
2026-03-23,upi/zomato/939482,122.87,Food
2026-03-23,UPI/HP PETROL PUMP/943,79.65,Transport
2026-03-23,upi/mcdonalds/939756,321.56,Food
2026-03-23,HP PETROL PUMP,63.73,Transport
2026-03-23,starbucks,861.8,Food
2026-03-23,pos anitha k hyderabad,102.61,Transfers
2026-03-24,MCDONALDS,600.98,Food
2026-03-24,ZOMATO PAYMENT 876555,129.68,Food
2026-03-25,POS KFC HYDERABAD,405.34,Food
2026-03-25,UPI/SWIGGY/849014,278.32,Food
2026-03-25,UPI/NETFLIX/779445,100.41,Entertainment
2026-03-25,POS BIGBASKET HYDERABAD,164.71,Groceries
2026-03-25,POS TSRTC HYDERABAD,46.71,Transport
2026-03-25,pos reliance fresh hyderabad,793.09,Groceries
2026-03-26,POS TSRTC HYDERABAD,204.61,Transport
2026-03-26,POS RELIANCE FRESH HYDERABAD,1585.01,Groceries
2026-03-26,POS KFC HYDERABAD,706.96,Food
2026-03-26,VIKRAM SI,577.65,Transfers
2026-03-27,UPI/MYNTRA/519791,627.28,Shopping
2026-03-27,RAPIDO,278.75,Transport
2026-03-28,pos meesho hyderabad,3389.66,Shopping
2026-03-28,ACT FIBERNET PAYMENT 469311,2270.47,Bills
2026-03-28,MORE SUPERMARKET,676.7,Groceries
2026-03-28,ZEPTO,213.62,Groceries
2026-03-29,DMART PAYMENT 460971,959.41,Groceries
2026-03-29,pos zomato hyderabad,153.29,Food
2026-03-29,HP PETROL PUMP PAYMENT 983360,293.57,Transport
2026-03-29,ZEPTO PAYMENT 731678,154.49,Groceries
2026-03-29,UPI/UBER/214466,235.6,Transport
2026-03-30,upi/ola cabs/151021,56.38,Transport
2026-03-30,UPI/TSRTC/492125,52.74,Transport
2026-03-31,pos dominos hyderabad,297.14,Food
2026-03-31,UPI/MORE SUPERMARKET/109294,231.44,Groceries
2026-03-31,BEHROUZ BIRYANI,757.8,Food
2026-03-31,UPI/ANITHA K/942678,1396.82,Transfers
2026-04-01,pista house payment 234443,826.23,Food
2026-04-01,upi/mcdonalds/2,665.58,Food
2026-04-01,MORE SUPERMARKET PAYMENT 775885,158.47,Groceries
2026-04-01,pos dmart hyderabad,429.94,Groceries
2026-04-01,amit reddy payment 809810,2350.39,Transfers
2026-04-01,upi/ajio/446297,1649.08,Shopping
2026-04-02,ola cabs,299.32,Transport
2026-04-02,upi/amit reddy/131475,100.28,Transfers
2026-04-02,ANITHA K PAYMENT 295617,1256.5,Transfers
2026-04-02,upi/pvr cinemas/357234,600.41,Entertainment
2026-04-03,TSRTC,148.11,Transport
2026-04-03,POS DECATHLON HYDERABAD,963.27,Shopping
2026-04-03,upi/reliance fresh/576378,237.13,Groceries
2026-04-03,1mg,95.49,Health
2026-04-03,SWIGGY,203.17,Food
2026-04-04,UBER,234.44,Transport
2026-04-04,POS ZOMATO HYDERABAD,711.56,Food
2026-04-04,OLA CABS,91.58,Transport
2026-04-05,POS ZOMATO HYDERABAD,678.89,Food
2026-04-05,POS RAPIDO HYDERABAD,36.9,Transport
2026-04-05,upi/zomato/470533,181.2,Food
2026-04-05,POS UBER HYDERABAD,108.14,Transport
2026-04-06,POS HDFC CREDIT CARD HYDERABAD,243.61,Bills
2026-04-06,bookmyshow payment 891638,348.94,Entertainment
2026-04-06,pos zomato hyd,272.29,Food
2026-04-06,UPI/SWIGGY/465823,132.82,Food
2026-04-07,SPOTIFY,105.7,Entertainment
2026-04-07,UPI/KFC/146073,449.49,Food
2026-04-07,UPI/STARBUCKS/440327,432.22,Food
2026-04-08,BEHROUZ BIRYA,146.68,Food
2026-04-08,dominos,815.19,Food
2026-04-09,POS BEHROUZ BIRYANI HYDERABAD,226.57,Food
2026-04-09,ANITHA K PAYMENT 691021,1308.61,Transfers
2026-04-09,reliance fresh payment 860124,254.4,Groceries
2026-04-09,mcdonalds,202.79,Food
2026-04-10,SNEHA RAO,191.95,Transfers
2026-04-12,DOMINOS,519.02,Food
2026-04-12,mcdonalds payment 522866,356.38,Food
2026-04-12,UPI/OLA CABS/483041,110.87,Transport
2026-04-12,MCDONALDS PAYMENT 699125,193.04,Food
2026-04-12,upi/jio recharge/5026,1037.12,Bills
2026-04-12,POS MCDONALDS HYDERABAD,531.47,Food
2026-04-12,UBER PAYMENT 829222,115.42,Transport
2026-04-12,zomato,635.55,Food
2026-04-13,POS AMIT REDDY HYDERABAD,130.3,Transfers
2026-04-13,MEDPLUS PAYMENT 443254,86.12,Health
2026-04-14,POS SNEHA RAO HYDERABAD,132.99,Transfers
2026-04-14,TSRTC PAYMENT 487345,49.48,Transport
2026-04-14,HOTSTAR PAYMENT 305587,249.45,Entertainment
2026-04-14,UPI/INDIAN OIL/899656,330.65,Transport
2026-04-15,BLINKIT,150.11,Groceries
2026-04-15,RELIANCE FRESH PAYMENT 543588,194.67,Groceries
2026-04-15,ZOMATO,391.13,Food
2026-04-15,UPI/DMART/104895,2339.87,Groceries
2026-04-15,POS RELIANCE FRESH HYDERABAD,153.35,Groceries
2026-04-15,UPI/INDIAN OIL/156413,31.45,Transport
2026-04-16,DMART PAYMENT 455505,2030.88,Groceries
2026-04-16,NETFLIX PAYMENT 152062,165.01,Entertainment
2026-04-16,STARBUCKS,310.13,Food
2026-04-16,ola cabs payment 397604,52.57,Transport
2026-04-16,decathlon payment 54,262.49,Shopping
2026-04-16,mcdonalds,290.95,Food
2026-04-17,upi/dominos/688956,314.26,Food
2026-04-17,airtel payment 472039,962.27,Bills
2026-04-17,indian oil,109.71,Transport
2026-04-18,pos more supermarket hyder,205.93,Groceries
2026-04-18,geeksforgeeks payment 104666,1422.25,Education
2026-04-18,UPI/RAPIDO/438083,111.33,Transport
2026-04-18,OLA CABS PAYMENT 863481,533.0,Transport
2026-04-19,UPI/PRIYA SHARMA/714923,934.37,Transfers
2026-04-19,POS KFC HYDERABAD,769.99,Food
2026-04-19,UPI/ZOMATO/27,342.97,Food
2026-04-19,STARBUCKS,735.06,Food
2026-04-19,POS AJIO HYDERABAD,2630.52,Shopping
2026-04-20,upi/vikram singh/720644,102.11,Transfers
2026-04-20,UPI/ZEPTO/482746,1716.66,Groceries
2026-04-20,POS BEHROUZ BIRYANI HYDERABAD,504.63,Food
2026-04-20,pos bigbasket hyderabad,2095.13,Groceries
2026-04-21,pos behrouz biryani hyderabad,334.14,Food
2026-04-21,KFC,120.04,Food
2026-04-21,kfc payment 9,386.66,Food
2026-04-21,HYDERABAD METRO,208.09,Transport
2026-04-21,UPI/ZOMATO/832356,190.5,Food
2026-04-21,POS KFC HYDERABAD,121.26,Food
2026-04-21,dominos payment 852689,667.95,Food
2026-04-22,POS STARBUCKS HYDERABAD,175.74,Food
2026-04-22,ZOMATO,194.16,Food
2026-04-22,upi/amazon/208013,416.28,Shopping
2026-04-22,STARBUCKS PAYMENT 624514,560.72,Food
2026-04-22,BEHROUZ BIR,155.08,Food
2026-04-23,PISTA HOUSE PAYMENT 9973,233.32,Food
2026-04-23,flipkart,645.82,Shopping
2026-04-24,DOMINOS PAYMENT 172965,370.16,Food
2026-04-24,AJIO PAYMENT 153642,752.16,Shopping
2026-04-24,UPI/AMIT REDDY/157875,1448.21,Transfers
2026-04-24,UPI/AMAZON/828799,327.08,Shopping
2026-04-24,RAPIDO PAYMENT 528902,450.6,Transport
2026-04-25,uber,46.9,Transport
2026-04-25,upi/amit reddy/170852,1090.73,Transfers
2026-04-26,STARBUCKS PAYMENT 859359,468.97,Food
2026-04-26,HP PETROL PUMP PAYMENT 906564,223.0,Transport
2026-04-27,RELIANCE FRESH PAYMENT 750810,1986.98,Groceries
2026-04-27,sneha ra,247.95,Transfers
2026-04-27,VIKRAM SINGH PAYMENT 806850,273.99,Transfers
2026-04-28,youtube premium,103.83,Entertainment
2026-04-28,spotify payment 409698,202.49,Entertainment
2026-04-28,UPI/SPOTIFY/562139,153.81,Entertainment
2026-04-28,UPI/AJIO/479459,2263.73,Shopping
2026-04-29,blinkit payment 6,290.14,Groceries
2026-04-29,POS APOLLO PHARMACY HYDERABAD,124.49,Health
2026-04-29,AMAZON PAYMENT 997859,332.03,Shopping
2026-04-30,STARBUCKS PAYMENT 893202,629.46,Food
2026-04-30,behrouz biryani payment 156688,338.97,Food
2026-04-30,SWIGGY PAYMENT 3,788.02,Food
2026-05-01,HP PETROL PUMP PAYMENT 760356,33.02,Transport
2026-05-01,POS DECATHLON HYDERABAD,421.66,Shopping
2026-05-01,upi/pvr cinemas/246347,524.69,Entertainment
2026-05-01,pos pista house hyderabad,127.94,Food
2026-05-01,starbucks payment 478162,518.98,Food
2026-05-01,POS JIO RECHARGE HYDERABAD,824.01,Bills
2026-05-01,upi/blinkit/134261,150.04,Groceries
2026-05-02,UPI/STARBUCKS/296412,165.14,Food
2026-05-02,INDIAN OIL PAYMENT 815551,30.29,Transport
2026-05-02,ajio payment 963829,2257.79,Shopping
2026-05-03,POS SWIGGY HYDERABAD,419.23,Food
2026-05-03,ANITHA K PAYMENT 715870,2695.11,Transfers
2026-05-03,MYNTRA,502.38,Shopping
2026-05-03,UPI/ZOMATO/601482,133.01,Food
2026-05-03,POS INDIAN OIL HYDERABAD,48.08,Transport
2026-05-04,MEESHO,310.76,Shopping
2026-05-04,UPI/PHARMEASY/364525,1448.56,Health
2026-05-04,DTH RECHARGE,1159.47,Bills
2026-05-04,PISTA HOUSE,156.79,Food
2026-05-04,zepto,579.82,Groceries
2026-05-04,BIGBASKET PAYMENT 629558,165.61,Groceries
2026-05-05,UPI/DOMINOS/725380,609.36,Food
2026-05-05,pos rahul kumar hyderabad,124.71,Transfers
2026-05-05,uber,151.09,Transport
2026-05-05,priya sharma payment 178056,2874.35,Transfers
2026-05-05,POS AJIO HYDERABAD,3172.89,Shopping
2026-05-05,pos bigbasket hyderabad,1138.67,Groceries
2026-05-06,POS AMIT REDDY HYDERABAD,1283.9,Transfers
2026-05-06,POS ANITHA K HYDERABAD,1062.55,Transfers
2026-05-06,RAPIDO,49.28,Transport
2026-05-06,HP PETROL PUMP PAYMENT 753523,305.63,Transport
2026-05-06,pos anitha k hyderabad,100.15,Transfers
2026-05-06,UPI/APOLLO PHARMACY/833222,2133.77,Health
2026-05-07,INDIAN OIL,483.55,Transport
2026-05-07,UPI/PISTA HOUSE/819425,679.97,Food
2026-05-07,pos zepto hyderabad,176.7,Groceries
2026-05-07,mcdonalds payment 1,793.31,Food
2026-05-07,pos uber hyderabad,37.3,Transport
2026-05-08,CULT FIT PAYMENT 964915,462.79,Health
2026-05-08,UPI/HP PETROL PUMP/276831,87.04,Transport
2026-05-08,BLINKIT,194.75,Groceries
2026-05-08,pos rapido hyderabad,81.06,Transport
2026-05-08,PRIYA SHARMA,1387.59,Transfers
2026-05-09,BIGBASKET,172.08,Groceries
2026-05-09,POS ACT FIBERNET HYDERABAD,200.19,Bills
2026-05-09,POS 1MG HYDERABAD,1493.23,Health
2026-05-09,UPI/OLA CABS/328994,196.6,Transport
2026-05-09,hp petrol pump payment 219505,32.31,Transport
2026-05-09,INDIAN OIL PAYMENT 278922,77.39,Transport
2026-05-09,POS OLA CABS HYDERABAD,271.07,Transport
2026-05-10,POS STARBUCKS HYDERABAD,833.14,Food
2026-05-10,UPI/ZOMATO/947311,120.61,Food
2026-05-10,POS TSRTC HYDERABAD,146.02,Transport
2026-05-11,starbucks,129.71,Food
2026-05-11,POS STARBUCKS HYDERABAD,183.38,Food
2026-05-11,POS SPOTIFY HYDERABAD,115.65,Entertainment
2026-05-11,pos reliance fresh hyde,1427.94,Groceries
2026-05-11,AIRTEL PAYMENT 486,657.62,Bills
2026-05-12,POS RELIANCE FRESH HYDERABAD,211.95,Groceries
2026-05-12,SNEHA RAO,1254.05,Transfers
2026-05-13,RAPIDO,159.24,Transport
2026-05-13,POS RAPIDO HYDER,102.86,Transport
2026-05-13,RAPIDO,363.82,Transport
2026-05-13,PRIYA SHARMA PAYMENT 111230,1288.92,Transfers
2026-05-13,UPI/DTH RECHARGE/571829,601.27,Bills
2026-05-13,UPI/ZOMATO/219185,141.54,Food
2026-05-14,dmart payment 861265,283.05,Groceries
2026-05-15,KFC,140.36,Food
2026-05-15,RAPIDO PAYMENT 808446,153.24,Transport
2026-05-15,pos behrouz biryani hyderabad,303.98,Food
2026-05-15,POS MEESHO HYDERABAD,3988.26,Shopping
2026-05-15,upi/pista house/183262,280.59,Food
2026-05-15,POS BIGBASKET HYDERABAD,2307.1,Groceries
2026-05-15,POS JIO RECHARGE HYDERABAD,2142.98,Bills
2026-05-15,TSRTC PAYMENT 781880,575.74,Transport
2026-05-16,tsrtc,45.83,Transport
2026-05-16,POS BEHROUZ BIRYANI HYDERABAD,177.39,Food
2026-05-16,UPI/MCDONALDS/630573,770.69,Food
2026-05-16,RELIANCE FRESH,168.03,Groceries
2026-05-17,pos hp petrol pump hyderabad,33.82,Transport
2026-05-17,UPI/UBER/431414,448.23,Transport
2026-05-17,OLA CABS PAYMENT 775156,309.54,Transport
2026-05-17,ACT FIBERNET PAYMENT 187984,942.68,Bills
2026-05-17,pos dominos hyderabad,120.02,Food
2026-05-17,UPI/FLIPKART/203428,389.58,Shopping
2026-05-17,KFC PAYMENT 441203,257.33,Food
2026-05-18,POS APOLLO PHARMACY HYDERABAD,281.83,Health
2026-05-19,ANITHA K PAYMENT 5796,1105.43,Transfers
2026-05-19,UPI/TSRTC/117215,192.5,Transport
2026-05-19,AMIT REDDY PAYMENT 495972,133.61,Transfers
2026-05-20,SWIGGY PAYMENT 207458,220.35,Food
2026-05-20,kfc,221.09,Food
2026-05-20,youtube premium payment 619344,639.62,Entertainment
2026-05-21,BEHROUZ BIRYANI,174.86,Food
2026-05-21,MCDONALDS PAYMENT 457455,230.39,Food
2026-05-21,BIGBASKET,1717.02,Groceries
2026-05-21,MYNTRA,1543.05,Shopping
2026-05-21,ajio,418.34,Shopping
2026-05-21,UPI/TSRTC/617300,80.77,Transport
2026-05-22,POS SWIGGY HYDERABAD,168.55,Food
2026-05-22,BEHROUZ BIRYANI,244.96,Food
2026-05-22,pos mcdonalds hyderabad,314.87,Food
2026-05-22,1MG,1099.03,Health
2026-05-23,POS RELIANCE FRESH HYDERABAD,2023.36,Groceries
2026-05-23,upi/mcdonalds/687923,315.51,Food
2026-05-23,1MG,1225.04,Health
2026-05-23,UPI/SNEHA RAO/390354,2358.15,Transfers
2026-05-24,pos anitha k hyderabad,1686.3,Transfers
2026-05-24,upi/zomato/430984,500.29,Food
2026-05-24,UPI/KFC/999596,140.42,Food
2026-05-25,UPI/DMART/361941,229.12,Groceries
2026-05-25,UPI/OLA CABS/392731,229.48,Transport
2026-05-25,sneha rao payment 844747,188.7,Transfers
2026-05-25,UPI/ELECTRICITY BILL/457207,1400.65,Bills
2026-05-26,HP PETROL PUMP,376.03,Transport
2026-05-26,upi/blinkit/377880,629.94,Groceries
2026-05-26,SPOTIFY,105.93,Entertainment
2026-05-26,amit red,110.66,Transfers
2026-05-26,flipkart,651.25,Shopping
2026-05-26,UPI/DOMINOS/182578,137.91,Food
2026-05-26,amit reddy,2815.21,Transfers
2026-05-27,swiggy payment 401603,750.27,Food
2026-05-27,UPI/UDEMY/749208,769.29,Education
2026-05-27,POS BIGBASKET HYDERABAD,604.77,Groceries
2026-05-28,POS BOOKMYSHOW HYDERABAD,254.28,Entertainment
2026-05-28,MORE SUPERMARKET,2482.66,Groceries
2026-05-28,POS ZOMATO HYDERABAD,640.08,Food
2026-05-28,apollo pharmacy,374.65,Health
2026-05-29,UPI/FLIPKART/570,2409.4,Shopping
2026-05-29,UPI/SPOTIFY/661091,194.61,Entertainment
2026-05-29,UPI/BIGBASKET/869105,153.77,Groceries
2026-05-29,POS AJIO HYDERABAD,277.57,Shopping
2026-05-30,TSRTC PAYMENT 894139,310.85,Transport
2026-05-30,POS RAHUL KUMAR HYDERABAD,2920.15,Transfers
2026-05-30,SWIGGY,166.65,Food
2026-05-30,zomato,648.64,Food
2026-05-30,UPI/HDFC CREDIT CARD/241081,209.7,Bills
2026-05-31,JIO RECHARGE,432.84,Bills
2026-05-31,youtube premium payment 621682,669.57,Entertainment
2026-05-31,POS ZEPTO HYDERABAD,293.55,Groceries
2026-05-31,upi/starbucks/3,606.25,Food
2026-06-01,pos blinkit hyderabad,155.71,Groceries
2026-06-01,UPI/BLINKIT/699198,415.57,Groceries
2026-06-01,BLINKIT PAYMENT 245824,1181.39,Groceries
2026-06-01,POS RELIANCE FRESH HYDERABAD,500.93,Groceries
2026-06-01,UPI/JIO RECHARGE/790318,479.07,Bills
2026-06-01,POS OLA CABS HYDERABAD,311.13,Transport
2026-06-02,PVR CINEMAS PAYMENT 174268,485.34,Entertainment
2026-06-02,POS MCDONALDS HYDERABAD,120.31,Food
2026-06-03,POS DOMINOS HYDERABAD,785.09,Food
2026-06-03,coursera payment 262018,602.35,Education
2026-06-03,POS UBER HYDERABAD,478.98,Transport
2026-06-04,MEDPLUS,479.72,Health
2026-06-04,BEHROUZ BIRYANI,161.08,Food
2026-06-04,UBER,267.61,Transport
2026-06-04,UPI/HYDERABAD METRO/502460,44.41,Transport
2026-06-04,pos tsrtc hyderabad,210.12,Transport
2026-06-05,POS FLIPKART HYDERABAD,425.58,Shopping
2026-06-05,TSRTC PAYMENT 633025,431.06,Transport
2026-06-05,upi/hp petrol pump/476224,563.81,Transport
2026-06-05,POS RAPIDO HYDERABAD,208.17,Transport
2026-06-05,ZEPTO,798.89,Groceries
2026-06-05,pos netflix hyderabad,167.31,Entertainment
2026-06-05,UPI/HYDERABAD METRO/147899,584.71,Transport
2026-06-05,upi/amit reddy/336800,1831.24,Transfers
2026-06-05,BIGBASKET PAYMENT 292984,361.39,Groceries
2026-06-06,POS DOMINOS HYDERABAD,370.0,Food
2026-06-06,UPI/ANITHA K/594392,1531.57,Transfers
2026-06-06,hyderabad metro payment 144,120.26,Transport
2026-06-07,POS DECATHLON HYDERABAD,1608.51,Shopping
2026-06-07,UPI/DECATHLON/343170,3321.84,Shopping
2026-06-07,OLA CABS PAYMENT 107246,126.15,Transport
2026-06-08,MCDONALDS PAYMENT 682144,524.44,Food
2026-06-08,priya sharma payment 402865,992.99,Transfers
2026-06-08,UPI/ANITHA K/4227,503.79,Transfers
2026-06-08,zomato payment 772566,125.33,Food
2026-06-09,upi/reliance fresh/309,341.65,Groceries
2026-06-09,POS HP PETROL PUMP HYDERABAD,591.58,Transport
2026-06-09,POS KINDLE STORE HYDERABAD,2715.23,Education
2026-06-09,BIGBASKET,774.21,Groceries
2026-06-09,BIGBASKET,910.45,Groceries
2026-06-10,pos ola cabs hyderab,429.04,Transport
2026-06-10,POS BLINKIT HYDERABAD,1988.72,Groceries
2026-06-10,UPI/SPOTIFY/622873,131.09,Entertainment
2026-06-10,UPI/RAHUL KUMAR/457687,256.44,Transfers
2026-06-11,pos tsrtc hyderabad,94.5,Transport
2026-06-11,UPI/PISTA HOUSE/676429,369.57,Food
2026-06-11,POS ZOMATO HYDERABAD,330.69,Food
2026-06-11,upi/indian oil/652891,43.71,Transport
2026-06-11,UPI/HP PETROL PUMP/330063,502.58,Transport
2026-06-11,indian oil,421.43,Transport
2026-06-11,BEHROUZ BIRYANI,216.98,Food
2026-06-11,KFC,290.14,Food
2026-06-11,KFC PAYMENT 233402,172.54,Food
2026-06-12,uber payment 342034,65.82,Transport
2026-06-12,UPI/DECATHLON/640028,319.8,Shopping
2026-06-12,upi/ola cabs/202137,213.18,Transport
2026-06-12,ANITHA K PAYMENT 299372,1296.14,Transfers
2026-06-12,OLA CABS,113.35,Transport
2026-06-13,POS UBER HYDERABAD,47.78,Transport
2026-06-13,BIGBASKET PAYMENT 818826,2358.7,Groceries
2026-06-14,UPI/ACT FIBERNET/635205,241.23,Bills
2026-06-14,INDIAN OIL PAYMENT 218669,146.3,Transport
2026-06-14,POS MCDONALDS HYDERABAD,120.01,Food
2026-06-14,spotify payment 114311,119.35,Entertainment
2026-06-15,POS OLA CABS HYDERABAD,123.69,Transport
2026-06-15,reliance fresh payment 831663,202.58,Groceries
2026-06-16,rahul kumar,1078.15,Transfers
2026-06-16,OLA CABS,184.49,Transport
2026-06-16,UPI/KFC/215806,531.7,Food
2026-06-16,POS SNEHA RAO HYDERABAD,228.93,Transfers
2026-06-16,zomato,124.57,Food
2026-06-17,POS MEESHO HYDERABAD,2427.2,Shopping
2026-06-17,upi/pvr cinemas/380150,192.41,Entertainment
2026-06-17,UPI/VIKRAM SINGH/681070,846.41,Transfers
2026-06-17,UPI/FLIPKART/958976,262.32,Shopping
2026-06-18,CULT FIT,353.82,Health
2026-06-18,ANITHA K PAYMENT 689648,369.06,Transfers
2026-06-18,HDFC CREDIT CARD,959.59,Bills
2026-06-18,kfc,714.26,Food
2026-06-18,POS HOTSTAR HYDERABAD,103.37,Entertainment
2026-06-18,MEESHO PAYMENT 187859,3398.81,Shopping
2026-06-19,ZEPTO,597.53,Groceries
2026-06-19,UPI/FLIPKART/178693,3630.43,Shopping
2026-06-19,UPI/RAPIDO/3200,239.44,Transport
2026-06-20,POS BEHROUZ BIRYANI HYDERABAD,403.17,Food
2026-06-20,POS RAPIDO HYDERABAD,541.2,Transport
2026-06-20,POS UBER HYDERABAD,155.31,Transport
2026-06-20,UPI/FLIPKART/654844,3764.07,Shopping
2026-06-20,POS KFC HYDERABAD,386.5,Food
2026-06-21,HYDERABAD METRO PAYMENT 702980,30.15,Transport
2026-06-21,UPI/PRIYA SHARMA/688933,1777.97,Transfers
2026-06-21,meesho,2005.29,Shopping
2026-06-21,pvr cinemas,243.88,Entertainment
2026-06-22,UPI/BEHROUZ BIRYANI/492073,548.22,Food
2026-06-22,upi/cult fit/412713,94.78,Health
2026-06-23,upi/priya sharma/397846,447.22,Transfers
2026-06-23,bookmyshow,503.46,Entertainment
2026-06-23,upi/bigbasket/582576,653.35,Groceries
2026-06-23,HYDERABAD METRO PAYMENT 372735,324.85,Transport
2026-06-24,POS KFC HYDERABAD,282.14,Food
2026-06-24,HDFC CREDIT CARD,828.01,Bills
2026-06-24,ZOMATO,460.88,Food
2026-06-26,PISTA HOUSE PAYMENT 648141,886.0,Food
2026-06-26,ANITHA K,521.31,Transfers
2026-06-26,upi/reliance fresh/696296,532.39,Groceries
2026-06-26,upi/uber/902156,368.77,Transport
2026-06-26,pos starbucks hyderabad,785.42,Food
2026-06-26,upi/rahul kumar/628345,776.04,Transfers
2026-06-27,pos behrouz biryani hyderabad,457.63,Food
2026-06-27,ZOMATO,120.16,Food
2026-06-27,POS 1MG HYDERABAD,102.32,Health
2026-06-28,blinkit,554.6,Groceries
2026-06-29,ola cabs payment 336633,31.47,Transport
2026-06-29,PHARMEAS,106.15,Health
2026-06-29,UPI/AMIT REDDY/299834,1761.17,Transfers
2026-06-29,pos swiggy hyderabad,296.91,Food
2026-06-30,pista house payment 903035,639.4,Food
2026-06-30,indian oil payment 497700,198.96,Transport
2026-06-30,uber payment 504048,329.75,Transport
2026-06-30,MORE SUPERMARKET,364.64,Groceries
2026-07-01,YOUTUBE PR,560.14,Entertainment
2026-07-01,POS GEEKSFORGEEKS HYDERAB,322.93,Education
2026-07-01,decathlon,319.11,Shopping
2026-07-01,HP PETROL PUMP PAYMENT 566532,79.07,Transport
2026-07-02,POS NETFLIX HYDERABAD,366.66,Entertainment
2026-07-03,BEHROUZ BIRYANI PAYMENT 82,120.0,Food
2026-07-03,DTH RECHARGE,367.77,Bills
2026-07-03,pos pista house hyderabad,155.72,Food
2026-07-03,UBER PAYMENT 284431,342.48,Transport
2026-07-03,UPI/PRIYA SHARMA/104539,2457.67,Transfers
2026-07-03,ola cabs,378.59,Transport
2026-07-03,DTH RECHARGE,1175.54,Bills
2026-07-04,UPI/STARBUCKS/916449,573.51,Food
2026-07-04,UPI/UBER/976638,272.42,Transport
2026-07-04,pos reliance fresh hyde,1375.15,Groceries
2026-07-04,POS BEHROUZ BIRYANI HYDERABAD,298.46,Food
2026-07-04,ACT FIBERNET PAYMENT 156700,334.97,Bills
2026-07-05,apollo pharmacy,1126.69,Health
2026-07-05,UPI/AJIO/4,1205.57,Shopping
2026-07-06,pos dmart hyderabad,2449.15,Groceries
2026-07-06,UPI/SPOTIFY/933456,418.28,Entertainment
2026-07-06,pos pharmeasy hyderabad,946.25,Health
2026-07-06,UPI/PISTA HOUSE/946677,690.75,Food
2026-07-06,HP PETROL PUMP,251.82,Transport
2026-07-07,POS ANITHA K HYDERABAD,2469.55,Transfers
2026-07-07,ola cabs payment 409307,347.86,Transport
2026-07-07,pos kfc hyde,251.65,Food
2026-07-07,dmart,1418.89,Groceries
2026-07-07,UPI/TSRTC/831400,248.15,Transport
2026-07-08,POS RELIANCE FRESH HYDERAB,1399.68,Groceries
2026-07-08,swiggy,551.53,Food
2026-07-08,upi/mcdonalds/512900,503.41,Food
2026-07-08,hyderabad metro,165.29,Transport
2026-07-09,PRIYA SHARMA,1447.72,Transfers
2026-07-09,UPI/SNEHA RAO/361989,996.35,Transfers
2026-07-09,upi/netflix/5836,679.89,Entertainment
2026-07-10,POS PRIYA SHARMA HYDERABAD,872.12,Transfers
2026-07-10,POS BEHROUZ BIRYANI HYDERABAD,361.44,Food
2026-07-10,POS RELIANCE FRESH HYDERABAD,1246.97,Groceries
2026-07-10,pos uber hyderabad,41.08,Transport
2026-07-11,VIKRAM SINGH PAYMENT 317220,222.12,Transfers
2026-07-11,upi/pista house/207573,715.98,Food
2026-07-11,POS BIGBASKET HYDE,168.87,Groceries
2026-07-11,UPI/CULT FIT/268132,2103.76,Health
2026-07-11,more supermarket payment 636107,1739.16,Groceries
2026-07-11,dominos payment 357912,210.07,Food
2026-07-11,pos sneha rao hyderabad,2956.03,Transfers
2026-07-11,POS RAHUL KUMAR HYDERABAD,1990.48,Transfers
2026-07-11,UPI/STARBUCKS/166547,769.09,Food
2026-07-13,UPI/1MG/,2344.18,Health
2026-07-13,UPI/BEHROUZ BIRYANI/675771,252.62,Food
2026-07-13,POS MCDONALDS HYDERABAD,198.25,Food
2026-07-13,INDIAN OIL,32.1,Transport
2026-07-13,UPI/OLA CABS/535352,207.75,Transport
2026-07-14,POS PISTA HOUSE HYDERABAD,467.61,Food
2026-07-14,POS TSRTC HYDERABAD,211.26,Transport
2026-07-14,BIGBASKET PAYMENT 354533,1384.69,Groceries
2026-07-14,pos swiggy hyderabad,120.0,Food
2026-07-14,KFC,288.05,Food
2026-07-14,POS RAPIDO HYDERABAD,483.11,Transport
2026-07-15,POS DOMINOS HYDERABAD,167.44,Food
2026-07-15,POS HOTSTAR HYDERABAD,102.88,Entertainment
2026-07-15,pos ola cabs hyderabad,315.06,Transport
2026-07-15,ola cabs,126.63,Transport
2026-07-15,ELECTRICITY BILL,1183.51,Bills
2026-07-15,rapido,490.41,Transport
2026-07-16,UPI/RAHUL KUMAR/204837,709.07,Transfers
2026-07-16,UPI/SWIGGY/418594,137.96,Food
2026-07-16,BIGBASKET,360.48,Groceries
2026-07-16,DOMINOS PAYMENT 108886,123.65,Food
2026-07-16,OLA CABS PAYMENT 164633,429.4,Transport
2026-07-16,UPI/BEHROUZ BIRYANI/768595,400.2,Food
2026-07-17,UPI/BEHROUZ BIRYANI/819112,178.76,Food
2026-07-17,KINDLE STORE,1723.17,Education
2026-07-17,POS RAPIDO HYDERABAD,443.77,Transport
2026-07-17,AMIT REDDY PAYMENT 163746,105.99,Transfers
2026-07-17,UPI/RELIANCE FRESH/407592,843.58,Groceries
2026-07-18,SNEHA RAO PAYMENT 133955,2198.98,Transfers
2026-07-18,POS HP PETROL PUMP HYDERABAD,577.66,Transport
2026-07-18,KFC,125.72,Food
2026-07-18,UPI/UNACADEMY/673131,2218.95,Education
2026-07-19,POS AMIT REDDY HYDERABAD,150.52,Transfers
2026-07-19,MORE SUPERMARKET PAYMENT 235602,2499.16,Groceries
2026-07-19,HP PETROL PUMP PAYMENT 647098,31.59,Transport
2026-07-20,indian oil,528.86,Transport
2026-07-20,NETFLIX PAYMENT 783501,261.81,Entertainment
2026-07-20,UPI/MYNTRA/490917,2808.52,Shopping
2026-07-20,PHARMEASY PAYMENT 237509,571.64,Health
2026-07-20,UPI/AJIO/722650,1652.27,Shopping
2026-07-20,upi/dominos/922987,710.19,Food
2026-07-20,POS HP PETROL PUMP HYDERABAD,67.96,Transport
2026-07-20,MCDONALDS,181.96,Food
2026-07-21,starbucks,378.57,Food
2026-07-21,pos pharmeasy hyderabad,662.35,Health
2026-07-21,POS PISTA HOUSE HYDERABAD,380.71,Food
2026-07-22,UPI/MCDONALDS/715643,841.71,Food
2026-07-22,TSRTC PAYMENT 177333,367.22,Transport
2026-07-22,upi/sneha rao/629247,1743.63,Transfers
2026-07-22,MYNTRA PAYMENT 206900,2226.3,Shopping
2026-07-22,swiggy payment 379108,744.88,Food
2026-07-22,VIKRAM SINGH,835.17,Transfers
2026-07-23,pos priya sharma hyderabad,2019.06,Transfers
2026-07-23,hyderabad metro payment 679606,497.44,Transport
2026-07-23,UPI/ZEPTO/872714,2289.08,Groceries
2026-07-24,UPI/PVR CINEMAS/894617,815.65,Entertainment
2026-07-24,myntra payment 794791,479.55,Shopping
2026-07-24,UPI/ANITHA K/208442,101.55,Transfers
2026-07-25,POS MYNTRA HYDERABAD,2443.54,Shopping
2026-07-25,POS UBER HYD,185.29,Transport
2026-07-25,OLA CABS PAYMENT 693071,399.73,Transport
2026-07-25,MORE SUPERMARKET,176.41,Groceries
2026-07-26,OLA CABS PAYMENT 250069,171.17,Transport
2026-07-26,DOMINOS PAYMENT 795847,206.68,Food
2026-07-26,UPI/SWIGGY/708502,705.5,Food
2026-07-26,kfc payment 361993,225.1,Food
2026-07-26,MYNTRA,3927.52,Shopping
2026-07-27,starbucks payment 599948,122.55,Food
2026-07-27,UPI/BEHROUZ BIRYANI/829308,238.32,Food
2026-07-27,jio recharge,356.41,Bills
2026-07-27,UPI/MCDONALDS/607938,124.22,Food
2026-07-27,STARBUCKS,204.57,Food
2026-07-28,upi/hp petrol pump/1708,33.04,Transport
2026-07-28,upi/indian oil/3,34.03,Transport
2026-07-28,MCDONALDS,561.25,Food
2026-07-28,upi/rahul kumar/807890,310.1,Transfers
2026-07-28,POS SWIGGY HYDERABAD,574.19,Food
2026-07-28,TSRTC PAYMENT 184251,120.14,Transport
2026-07-28,HP PETROL PUMP,42.86,Transport
2026-07-29,priya sharma payment 629146,1662.72,Transfers
2026-07-29,DECATHLON PAYMENT 673167,757.13,Shopping
2026-07-29,1MG,404.99,Health
2026-07-29,ola cabs,35.2,Transport
2026-07-30,POS YOUTUBE PREMIUM HYDERABAD,202.98,Entertainment
2026-07-30,POS TSRTC HYDERABAD,69.54,Transport
2026-07-30,pos zomato hyde,241.19,Food
2026-07-30,DOMINOS PAYMENT 501455,402.14,Food
2026-07-31,pista house,124.74,Food
2026-07-31,POS MCDONALDS HYDERABAD,525.93,Food
2026-07-31,UPI/SWIGGY/22,156.84,Food
2026-08-01,UPI/DECATHLON/843266,826.12,Shopping
2026-08-01,POS MORE SUPERMARKET HYDERABAD,201.39,Groceries
2026-08-02,POS BOOKMYSHOW HYDERABAD,162.57,Entertainment
2026-08-02,POS RAPIDO HYDERABAD,112.7,Transport
2026-08-02,VIKRAM S,1487.4,Transfers
2026-08-02,upi/behrouz biryani/36,511.49,Food
2026-08-03,TSRTC,139.23,Transport
2026-08-03,TSRTC PAYMENT 632929,50.71,Transport
2026-08-03,OLA CABS PAYMENT 635348,30.64,Transport
2026-08-03,pos swiggy hyderabad,164.21,Food
2026-08-04,POS ZOMATO HYDERABAD,168.04,Food
2026-08-04,POS SWIGGY HYDERABAD,626.0,Food
2026-08-04,POS NETFLIX HYDERABAD,220.07,Entertainment
2026-08-04,dominos,171.3,Food
2026-08-04,UPI/GEEKSFORGEEKS/543621,530.66,Education
2026-08-04,OLA CABS,537.46,Transport
2026-08-04,POS CULT FIT HYDERABAD,1501.2,Health
2026-08-04,pos cult fit hyderabad,1707.34,Health
2026-08-04,hp petrol pump payment 532016,455.51,Transport
2026-08-05,more supermarket,1418.26,Groceries
2026-08-05,medplus,1432.84,Health
2026-08-05,POS SWIGGY HYDE,467.01,Food
2026-08-05,AMIT REDDY,756.59,Transfers
2026-08-05,POS AIRTEL HYD,707.04,Bills
2026-08-05,UPI/COURSERA/226200,1568.3,Education
2026-08-06,AMAZON,277.98,Shopping
2026-08-06,upi/sneha rao/359520,516.43,Transfers
2026-08-06,UPI/VIKRAM SINGH/6,415.21,Transfers
2026-08-07,RAPIDO PAYMENT 543692,188.71,Transport
2026-08-07,PHARMEASY PAYMENT 634273,182.14,Health
2026-08-07,netflix,137.53,Entertainment
2026-08-07,upi/sneha rao/803375,2492.14,Transfers
2026-08-07,SNEHA RAO PAYMENT 239260,754.94,Transfers
2026-08-08,hotstar,807.22,Entertainment
2026-08-08,amazon,326.45,Shopping
2026-08-08,upi/rapido/203878,203.39,Transport
2026-08-08,POS STARBUCKS HYDERABAD,805.14,Food
2026-08-09,flipkart,3775.38,Shopping
2026-08-09,PRIYA SHARMA PAYMENT 793029,1409.95,Transfers
2026-08-09,UPI/JIO RECHARGE/9201,1605.26,Bills
2026-08-09,bigbasket,158.38,Groceries
2026-08-10,COURSERA PAYMENT 434002,644.2,Education
2026-08-10,POS SWIGGY HYDERABAD,573.43,Food
2026-08-10,POS DOMINOS HYDERABAD,250.06,Food
2026-08-11,UPI/OLA CABS/659392,252.67,Transport
2026-08-11,STARBUCKS,790.43,Food
2026-08-11,anitha k,1432.04,Transfers
2026-08-12,OLA CABS,512.34,Transport
2026-08-12,reliance fresh payment 871403,240.37,Groceries
2026-08-12,UPI/SWIGGY/895807,162.2,Food
2026-08-12,pos apollo pharmacy hyderabad,386.26,Health
2026-08-12,UPI/AMIT REDDY/449935,470.24,Transfers
2026-08-12,pos pista house hyderabad,130.86,Food
2026-08-13,HDFC CREDIT CARD,1017.34,Bills
2026-08-13,pos priya sharma hyderabad,1962.14,Transfers
2026-08-13,BEHROUZ BIRYANI PAYMENT 409,125.73,Food
2026-08-13,RELIANCE FRESH,1263.14,Groceries
2026-08-13,pos dominos hyderabad,121.93,Food
2026-08-13,UPI/HYDERABAD METRO/841,43.35,Transport
2026-08-14,UPI/1MG/163156,305.68,Health
2026-08-14,POS MCDONALDS HYDERABAD,293.39,Food
2026-08-14,pos swiggy hyderabad,166.08,Food
2026-08-14,rapido payment 566222,131.03,Transport
2026-08-15,UPI/BEHROUZ BIRYANI/743378,677.14,Food
2026-08-16,pos reliance fresh hyde,1121.58,Groceries
2026-08-16,POS PRIYA SHARMA HYDERABAD,185.0,Transfers
2026-08-16,RELIANCE FRESH,1607.27,Groceries
2026-08-16,rahul kumar payment ,1982.15,Transfers
2026-08-17,MYNTRA PAYMENT 718439,2577.52,Shopping
2026-08-17,DOMINOS PAYMENT 4203,122.09,Food
2026-08-17,VIKRAM SINGH PAYMENT 168652,924.49,Transfers
2026-08-17,UPI/MCDONALDS/180176,174.05,Food
2026-08-17,PHARMEASY PAYMENT 660226,2421.36,Health
2026-08-17,vikram singh payment 791354,239.44,Transfers
2026-08-18,UPI/DOMINOS/777737,427.86,Food
2026-08-18,JIO RECHARGE,272.18,Bills
2026-08-18,POS MORE SUPERMARKET HYDERABAD,152.16,Groceries
2026-08-18,HYDERABAD METRO,257.96,Transport
2026-08-18,SNEHA RAO,844.3,Transfers
2026-08-18,POS DOMINOS HYDERA,178.46,Food
2026-08-18,UPI/ZOMATO/7287,175.88,Food
2026-08-19,UPI/ELECTRICITY BILL/,243.48,Bills
2026-08-19,UPI/KFC/187697,206.2,Food
2026-08-20,POS DOMINOS HYD,120.16,Food
2026-08-20,RAHUL KU,151.58,Transfers
2026-08-20,upi/dominos/736123,459.42,Food
2026-08-21,POS DECATHLON HYDERABAD,272.86,Shopping
2026-08-21,upi/youtube premium/757756,101.02,Entertainment
2026-08-22,TSRTC,556.17,Transport
2026-08-23,RAPIDO,352.15,Transport
2026-08-23,indian o,538.04,Transport
2026-08-23,pos dmart hyderabad,366.25,Groceries
2026-08-24,bigbasket,283.61,Groceries
2026-08-24,PISTA HOUSE,337.22,Food
2026-08-24,POS HDFC CREDIT CARD HYDERABAD,635.17,Bills
2026-08-24,pos indian oil hyder,55.7,Transport
2026-08-24,POS AJIO HYDERABAD,266.31,Shopping
2026-08-24,upi/priya sharma/706472,1266.75,Transfers
2026-08-25,POS NETFLIX HYDERABAD,105.28,Entertainment
2026-08-25,RAPIDO,76.16,Transport
2026-08-25,UPI/OLA CABS/242703,256.35,Transport
2026-08-26,blinkit payment 394450,163.97,Groceries
2026-08-26,UPI/OLA CABS/640571,515.66,Transport
2026-08-27,UBER,210.81,Transport
2026-08-27,upi/pvr cinemas/792232,185.76,Entertainment
2026-08-27,POS RELIANCE FRESH HYDERABAD,426.14,Groceries
2026-08-27,UPI/BEHROUZ BIRYANI/522056,166.92,Food
2026-08-28,ola cabs,228.95,Transport
2026-08-28,bigbasket,318.6,Groceries
2026-08-28,POS HP PETROL PUMP HYDERABAD,35.62,Transport
2026-08-28,bigbasket payment 544828,1666.58,Groceries
2026-08-29,UPI/HYDERABAD METRO/109231,416.72,Transport
2026-08-29,TSRTC PAYMENT ,307.29,Transport
2026-08-29,POS AMAZON HYDERABAD,2518.24,Shopping
2026-08-30,ZOMATO PAYMENT 906315,687.26,Food
2026-08-30,uber,31.3,Transport
2026-08-30,UPI/CULT FIT/808602,104.82,Health
2026-08-31,UPI/MEESHO/654634,3879.88,Shopping
2026-08-31,AJIO,302.38,Shopping
2026-08-31,BOOKMYSHOW,115.28,Entertainment
2026-09-01,INDIAN OIL,86.44,Transport
2026-09-01,pos mcdonalds hyderabad,314.46,Food
2026-09-01,RAHUL KUMAR PAYMENT 539740,986.41,Transfers
2026-09-01,UBER PAYMENT 140372,60.86,Transport
2026-09-02,POS PRIYA SHARMA HYDERABAD,129.08,Transfers
2026-09-02,hp petrol pump payment 685365,46.47,Transport
2026-09-02,DOMINOS PAYMENT 100089,259.6,Food
2026-09-02,UPI/YOUTUBE PREMIUM/747137,254.27,Entertainment
2026-09-02,uber,267.21,Transport
2026-09-02,POS STARBUCKS HYDERABAD,302.9,Food
2026-09-03,BLINKIT PAYMENT 224870,1867.9,Groceries
2026-09-03,ola cabs payment 874703,203.55,Transport
2026-09-03,POS SWIGGY HYDERABAD,314.84,Food
2026-09-03,PISTA HO,418.24,Food
2026-09-03,upi/ola cabs/833907,55.53,Transport
2026-09-03,1MG PAYMENT 989735,296.5,Health
2026-09-03,BEHROUZ BIRYANI,233.56,Food
2026-09-03,POS KFC HYDERABAD,175.86,Food
2026-09-03,APOLLO PHARMACY,971.95,Health
2026-09-04,BIGBASKET PAYMENT 665497,1245.38,Groceries
2026-09-04,upi/zomato/,120.81,Food
2026-09-04,UDEMY,2134.13,Education
2026-09-05,POS OLA CABS HYDERABAD,30.47,Transport
2026-09-05,POS BEHROUZ BIRYANI HYDE,460.15,Food
2026-09-05,UPI/SWIGGY/937750,672.3,Food
2026-09-05,RAPIDO PAYMENT 714127,210.83,Transport
2026-09-06,pos amazon hyderabad,3513.59,Shopping
2026-09-06,POS VIKRAM SINGH HYDERABAD,149.98,Transfers
2026-09-06,indian oil payment 776681,30.46,Transport
2026-09-07,UBER,247.58,Transport
2026-09-07,HYDERABAD METRO,215.61,Transport
2026-09-07,MYNTRA PAYMENT 456032,1175.28,Shopping
2026-09-07,COURSERA PAYMENT 706590,319.37,Education
2026-09-07,MEESHO,1161.3,Shopping
2026-09-07,uber payment 392163,517.2,Transport
2026-09-08,POS STARBUCKS HYDERABAD,162.72,Food
2026-09-08,TSRTC PAYMENT 3,186.97,Transport
2026-09-08,BEHROUZ BIRYANI PAYMENT 228317,436.4,Food
2026-09-09,POS DECATHLON HYDERABAD,614.38,Shopping
2026-09-09,pos starbucks hyderabad,585.82,Food
2026-09-09,dmart payment 231647,205.93,Groceries
2026-09-09,KFC,520.17,Food
2026-09-10,STARBUCKS,473.1,Food
2026-09-10,POS DMART HYDERABAD,1045.67,Groceries
2026-09-10,POS AJIO HYDERABAD,2852.59,Shopping
2026-09-11,apollo pharmacy,936.84,Health
2026-09-11,upi/zomato/857888,743.78,Food
2026-09-11,BEHROUZ BIRYANI PAYMENT 885478,285.84,Food
2026-09-11,UPI/AMIT REDDY/615530,193.23,Transfers
2026-09-11,udemy payment 679764,394.04,Education
2026-09-11,POS RAPIDO HYDE,37.36,Transport
2026-09-11,UPI/APOLLO PHARMACY/635634,1406.89,Health
2026-09-11,TSRTC PAYMENT 770740,40.61,Transport
2026-09-12,POS SNEHA RAO HYDERABAD,864.56,Transfers
2026-09-12,hyderabad metro payment 750403,395.21,Transport
2026-09-12,POS MCDONALDS HYDERABAD,446.9,Food
2026-09-12,ZOMATO,120.34,Food
2026-09-13,BIGBASKET,338.54,Groceries
2026-09-13,PISTA HOUSE PAYMENT 559447,622.03,Food
2026-09-13,UBER,488.6,Transport
2026-09-13,BEHROUZ BIRYANI PAYMENT 742198,331.49,Food
2026-09-13,pos mcdonalds hyderabad,261.69,Food
2026-09-13,POS PVR CINEMAS HYDERABAD,503.08,Entertainment
2026-09-13,ZEPTO,1676.97,Groceries
2026-09-13,ANITHA K,1853.2,Transfers
2026-09-13,RAPIDO,468.55,Transport
2026-09-13,POS ZOMATO HYDERABAD,314.56,Food
2026-09-13,kfc payment 399986,308.12,Food
2026-09-14,UPI/BEHROUZ BIRYANI/353961,137.03,Food
2026-09-14,HYDERABAD METRO PAYMENT 516760,73.28,Transport
2026-09-14,upi/amit reddy/801444,2052.47,Transfers
2026-09-15,POS GEEKSFORGEEKS HYDERABAD,3482.5,Education
2026-09-15,POS DMART HYDERABAD,416.18,Groceries
2026-09-15,rapido,109.59,Transport
2026-09-16,UPI/SPOTIFY/651963,459.24,Entertainment
2026-09-16,INDIAN OIL,169.65,Transport
2026-09-16,POS HOTSTAR HYDERABAD,621.74,Entertainment
2026-09-16,pos uber hyderabad,54.72,Transport
2026-09-16,pos zomato hyderabad,335.2,Food
2026-09-16,POS HYDERABAD METRO HYDER,389.78,Transport
2026-09-16,reliance fresh,263.43,Groceries
2026-09-16,pos blinkit hyderabad,743.33,Groceries
2026-09-17,pos starbucks hyderabad,127.7,Food
2026-09-17,HP PETROL PUMP PAYMENT 336540,220.46,Transport
2026-09-17,PVR CINEMAS PAYMENT 5978,845.95,Entertainment
2026-09-17,UPI/OLA CABS/760929,54.07,Transport
2026-09-18,UPI/MORE SUPERMARKET/859340,196.03,Groceries
2026-09-18,POS UBER HYDERABAD,163.34,Transport
2026-09-18,dominos payment 776106,308.72,Food
2026-09-18,pos kfc hyderabad,393.85,Food
2026-09-18,POS VIKRAM SINGH HYDERABAD,132.86,Transfers
2026-09-18,AJIO PAYMENT 350,2298.46,Shopping
2026-09-19,HYDERABAD METRO,255.85,Transport
2026-09-19,AMAZON PAYMENT 183952,1512.67,Shopping
2026-09-19,UPI/CULT FIT/885650,183.9,Health
2026-09-19,POS AJIO HYDERAB,2432.23,Shopping
2026-09-20,UPI/RELIANCE FRESH/538620,2154.18,Groceries
2026-09-20,pos starbucks hyderabad,285.8,Food
2026-09-20,BEHROUZ BIRYANI,218.13,Food
2026-09-20,pos blinkit hyderabad,166.36,Groceries
2026-09-21,POS DOMINOS HYDERABAD,204.84,Food
2026-09-21,pos starbucks hyderabad,435.45,Food
2026-09-21,POS FLIPKART HYDERABAD,1202.16,Shopping
2026-09-21,POS BOOKMYSHOW HYDERABAD,122.45,Entertainment
2026-09-21,POS SPOTIFY HYDERABAD,326.89,Entertainment
2026-09-21,pos anitha k hyderabad,537.85,Transfers
2026-09-21,rapido payment 250202,290.88,Transport
2026-09-22,UPI/ZEPTO/818119,1819.42,Groceries
2026-09-22,UPI/BLINKIT/861697,180.04,Groceries
2026-09-22,pos ola cabs hyderabad,487.61,Transport
2026-09-22,AJIO,1408.39,Shopping
2026-09-22,DOMINOS PAYMENT 8,130.72,Food
2026-09-22,pos ola cabs hyde,220.15,Transport
2026-09-23,pos myntra hyderabad,526.34,Shopping
2026-09-24,MYNTRA,1704.54,Shopping
2026-09-24,POS TSRTC HYDERABAD,192.22,Transport
2026-09-24,UPI/BEHROUZ BIRYANI/480481,194.6,Food
2026-09-24,MCDONALDS PAYMENT 673236,142.75,Food
2026-09-25,mcdonalds,519.89,Food
2026-09-25,POS AMAZON HYDERABAD,372.06,Shopping
2026-09-25,UPI/UBER/279708,261.11,Transport
2026-09-25,UPI/HOTSTAR/211486,317.97,Entertainment
2026-09-25,HP PETROL PUMP PAYMENT 319984,221.83,Transport
2026-09-26,AMIT REDDY,1824.66,Transfers
2026-09-27,ANITHA K PAYMENT 244789,1634.43,Transfers
2026-09-27,HP PETROL PUMP,376.24,Transport
2026-09-27,CULT FIT,1164.67,Health
2026-09-27,CULT FIT,187.52,Health
2026-09-27,pos sneha rao hyderabad,129.26,Transfers
2026-09-28,UPI/MEESHO/,1738.89,Shopping
2026-09-28,hp petrol pump payment 189092,95.27,Transport
2026-09-29,POS RAPIDO HYDERABAD,319.56,Transport
2026-09-29,POS BEHROUZ BIRYANI HYDERABAD,321.72,Food
2026-09-29,KFC,485.44,Food
2026-09-29,RAHUL KUMAR,665.32,Transfers
2026-09-29,mcdonalds,194.84,Food
2026-09-29,HP PETROL PUMP,31.67,Transport
2026-09-30,amazon,2299.99,Shopping
2026-09-30,pos vikram singh hyderabad,2576.66,Transfers
2026-09-30,UPI/MEESHO/677883,2934.38,Shopping
2026-09-30,upi/vikram singh/168553,2354.26,Transfers
2026-09-30,UPI/ZEPTO/937480,1694.58,Groceries
2026-09-30,behrouz biryani,121.25,Food
